python.exe : Warning: You are sending unauthenticated requests to the HF Hub. Please set a HF_TOKEN to enable higher 
rate limits and faster downloads.
At line:1 char:333
+ ... NG='utf-8'; & C:\Hangeul\JARVIS\voice-trials\chatterbox\.venv\Scripts ...
+                 ~~~~~~~~~~~~~~~~~~~~~~~~~~~~~~~~~~~~~~~~~~~~~~~~~~~~~~~~~
    + CategoryInfo          : NotSpecified: (Warning: You ar...ster downloads.:String) [], RemoteException
    + FullyQualifiedErrorId : NativeCommandError
 

Loading weights:   0%|          | 0/587 [00:00<?, ?it/s]
Loading weights:   0%|          | 1/587 [00:00<?, ?it/s, Materializing param=model.decoder.embed_positions.weight]
Loading weights:   0%|          | 1/587 [00:00<?, ?it/s, Materializing param=model.decoder.embed_positions.weight]
Loading weights:   0%|          | 2/587 [00:00<00:00, 1993.96it/s, Materializing 
param=model.decoder.embed_tokens.weight]
Loading weights:   0%|          | 2/587 [00:00<00:00, 1993.96it/s, Materializing 
param=model.decoder.embed_tokens.weight]
Loading weights:   1%|          | 3/587 [00:00<00:13, 43.36it/s, Materializing param=model.decoder.layer_norm.bias]    
  
Loading weights:   1%|          | 3/587 [00:00<00:13, 43.36it/s, Materializing param=model.decoder.layer_norm.bias]
Loading weights:   1%|          | 4/587 [00:00<00:10, 57.82it/s, Materializing param=model.decoder.layer_norm.weight]
Loading weights:   1%|          | 4/587 [00:00<00:10, 56.99it/s, Materializing param=model.decoder.layer_norm.weight]
Loading weights:   1%|          | 5/587 [00:00<00:08, 71.24it/s, Materializing 
param=model.decoder.layers.0.encoder_attn.k_proj.weight]
Loading weights:   1%|          | 5/587 [00:00<00:08, 71.24it/s, Materializing 
param=model.decoder.layers.0.encoder_attn.k_proj.weight]
Loading weights:   1%|          | 6/587 [00:00<00:06, 85.49it/s, Materializing 
param=model.decoder.layers.0.encoder_attn.out_proj.bias]
Loading weights:   1%|          | 6/587 [00:00<00:06, 85.49it/s, Materializing 
param=model.decoder.layers.0.encoder_attn.out_proj.bias]
Loading weights:   1%|          | 7/587 [00:00<00:05, 99.74it/s, Materializing 
param=model.decoder.layers.0.encoder_attn.out_proj.weight]
Loading weights:   1%|          | 7/587 [00:00<00:05, 99.74it/s, Materializing 
param=model.decoder.layers.0.encoder_attn.out_proj.weight]
Loading weights:   1%|▏         | 8/587 [00:00<00:05, 113.99it/s, Materializing 
param=model.decoder.layers.0.encoder_attn.q_proj.bias]   
Loading weights:   1%|▏         | 8/587 [00:00<00:05, 113.99it/s, Materializing 
param=model.decoder.layers.0.encoder_attn.q_proj.bias]
Loading weights:   2%|▏         | 9/587 [00:00<00:04, 128.24it/s, Materializing 
param=model.decoder.layers.0.encoder_attn.q_proj.weight]
Loading weights:   2%|▏         | 9/587 [00:00<00:04, 128.24it/s, Materializing 
param=model.decoder.layers.0.encoder_attn.q_proj.weight]
Loading weights:   2%|▏         | 10/587 [00:00<00:04, 140.48it/s, Materializing 
param=model.decoder.layers.0.encoder_attn.v_proj.bias] 
Loading weights:   2%|▏         | 10/587 [00:00<00:04, 140.48it/s, Materializing 
param=model.decoder.layers.0.encoder_attn.v_proj.bias]
Loading weights:   2%|▏         | 11/587 [00:00<00:03, 154.53it/s, Materializing 
param=model.decoder.layers.0.encoder_attn.v_proj.weight]
Loading weights:   2%|▏         | 11/587 [00:00<00:03, 154.53it/s, Materializing 
param=model.decoder.layers.0.encoder_attn.v_proj.weight]
Loading weights:   2%|▏         | 12/587 [00:00<00:03, 168.57it/s, Materializing 
param=model.decoder.layers.0.encoder_attn_layer_norm.bias]
Loading weights:   2%|▏         | 12/587 [00:00<00:03, 168.57it/s, Materializing 
param=model.decoder.layers.0.encoder_attn_layer_norm.bias]
Loading weights:   2%|▏         | 13/587 [00:00<00:03, 182.62it/s, Materializing 
param=model.decoder.layers.0.encoder_attn_layer_norm.weight]
Loading weights:   2%|▏         | 13/587 [00:00<00:03, 182.62it/s, Materializing 
param=model.decoder.layers.0.encoder_attn_layer_norm.weight]
Loading weights:   2%|▏         | 14/587 [00:00<00:02, 196.67it/s, Materializing 
param=model.decoder.layers.0.fc1.bias]                      
Loading weights:   2%|▏         | 14/587 [00:00<00:02, 196.67it/s, Materializing param=model.decoder.layers.0.fc1.bias]
Loading weights:   3%|▎         | 15/587 [00:00<00:02, 210.72it/s, Materializing 
param=model.decoder.layers.0.fc1.weight]
Loading weights:   3%|▎         | 15/587 [00:00<00:02, 207.79it/s, Materializing 
param=model.decoder.layers.0.fc1.weight]
Loading weights:   3%|▎         | 16/587 [00:00<00:02, 221.64it/s, Materializing 
param=model.decoder.layers.0.fc2.bias]  
Loading weights:   3%|▎         | 16/587 [00:00<00:02, 221.64it/s, Materializing param=model.decoder.layers.0.fc2.bias]
Loading weights:   3%|▎         | 17/587 [00:00<00:02, 235.49it/s, Materializing 
param=model.decoder.layers.0.fc2.weight]
Loading weights:   3%|▎         | 17/587 [00:00<00:02, 235.49it/s, Materializing 
param=model.decoder.layers.0.fc2.weight]
Loading weights:   3%|▎         | 18/587 [00:00<00:02, 249.35it/s, Materializing 
param=model.decoder.layers.0.final_layer_norm.bias]
Loading weights:   3%|▎         | 18/587 [00:00<00:02, 249.35it/s, Materializing 
param=model.decoder.layers.0.final_layer_norm.bias]
Loading weights:   3%|▎         | 19/587 [00:00<00:02, 263.20it/s, Materializing 
param=model.decoder.layers.0.final_layer_norm.weight]
Loading weights:   3%|▎         | 19/587 [00:00<00:02, 263.20it/s, Materializing 
param=model.decoder.layers.0.final_layer_norm.weight]
Loading weights:   3%|▎         | 20/587 [00:00<00:02, 277.05it/s, Materializing 
param=model.decoder.layers.0.self_attn.k_proj.weight]
Loading weights:   3%|▎         | 20/587 [00:00<00:02, 277.05it/s, Materializing 
param=model.decoder.layers.0.self_attn.k_proj.weight]
Loading weights:   4%|▎         | 21/587 [00:00<00:01, 290.91it/s, Materializing 
param=model.decoder.layers.0.self_attn.out_proj.bias]
Loading weights:   4%|▎         | 21/587 [00:00<00:01, 290.91it/s, Materializing 
param=model.decoder.layers.0.self_attn.out_proj.bias]
Loading weights:   4%|▎         | 22/587 [00:00<00:01, 300.58it/s, Materializing 
param=model.decoder.layers.0.self_attn.out_proj.weight]
Loading weights:   4%|▎         | 22/587 [00:00<00:01, 300.58it/s, Materializing 
param=model.decoder.layers.0.self_attn.out_proj.weight]
Loading weights:   4%|▍         | 23/587 [00:00<00:01, 314.25it/s, Materializing 
param=model.decoder.layers.0.self_attn.q_proj.bias]    
Loading weights:   4%|▍         | 23/587 [00:00<00:01, 314.25it/s, Materializing 
param=model.decoder.layers.0.self_attn.q_proj.bias]
Loading weights:   4%|▍         | 24/587 [00:00<00:01, 327.91it/s, Materializing 
param=model.decoder.layers.0.self_attn.q_proj.weight]
Loading weights:   4%|▍         | 24/587 [00:00<00:01, 327.91it/s, Materializing 
param=model.decoder.layers.0.self_attn.q_proj.weight]
Loading weights:   4%|▍         | 25/587 [00:00<00:01, 341.57it/s, Materializing 
param=model.decoder.layers.0.self_attn.v_proj.bias]  
Loading weights:   4%|▍         | 25/587 [00:00<00:01, 341.57it/s, Materializing 
param=model.decoder.layers.0.self_attn.v_proj.bias]
Loading weights:   4%|▍         | 26/587 [00:00<00:01, 355.24it/s, Materializing 
param=model.decoder.layers.0.self_attn.v_proj.weight]
Loading weights:   4%|▍         | 26/587 [00:00<00:01, 355.24it/s, Materializing 
param=model.decoder.layers.0.self_attn.v_proj.weight]
Loading weights:   5%|▍         | 27/587 [00:00<00:01, 368.90it/s, Materializing 
param=model.decoder.layers.0.self_attn_layer_norm.bias]
Loading weights:   5%|▍         | 27/587 [00:00<00:01, 368.90it/s, Materializing 
param=model.decoder.layers.0.self_attn_layer_norm.bias]
Loading weights:   5%|▍         | 28/587 [00:00<00:01, 382.56it/s, Materializing 
param=model.decoder.layers.0.self_attn_layer_norm.weight]
Loading weights:   5%|▍         | 28/587 [00:00<00:01, 382.56it/s, Materializing 
param=model.decoder.layers.0.self_attn_layer_norm.weight]
Loading weights:   5%|▍         | 29/587 [00:00<00:01, 390.87it/s, Materializing 
param=model.decoder.layers.1.encoder_attn.k_proj.weight] 
Loading weights:   5%|▍         | 29/587 [00:00<00:01, 390.87it/s, Materializing 
param=model.decoder.layers.1.encoder_attn.k_proj.weight]
Loading weights:   5%|▌         | 30/587 [00:00<00:01, 311.68it/s, Materializing 
param=model.decoder.layers.1.encoder_attn.out_proj.bias]
Loading weights:   5%|▌         | 30/587 [00:00<00:01, 311.68it/s, Materializing 
param=model.decoder.layers.1.encoder_attn.out_proj.bias]
Loading weights:   5%|▌         | 31/587 [00:00<00:01, 322.07it/s, Materializing 
param=model.decoder.layers.1.encoder_attn.out_proj.weight]
Loading weights:   5%|▌         | 31/587 [00:00<00:01, 322.07it/s, Materializing 
param=model.decoder.layers.1.encoder_attn.out_proj.weight]
Loading weights:   5%|▌         | 32/587 [00:00<00:01, 332.46it/s, Materializing 
param=model.decoder.layers.1.encoder_attn.q_proj.bias]    
Loading weights:   5%|▌         | 32/587 [00:00<00:01, 332.46it/s, Materializing 
param=model.decoder.layers.1.encoder_attn.q_proj.bias]
Loading weights:   6%|▌         | 33/587 [00:00<00:01, 342.85it/s, Materializing 
param=model.decoder.layers.1.encoder_attn.q_proj.weight]
Loading weights:   6%|▌         | 33/587 [00:00<00:01, 342.85it/s, Materializing 
param=model.decoder.layers.1.encoder_attn.q_proj.weight]
Loading weights:   6%|▌         | 34/587 [00:00<00:01, 353.24it/s, Materializing 
param=model.decoder.layers.1.encoder_attn.v_proj.bias]  
Loading weights:   6%|▌         | 34/587 [00:00<00:01, 353.24it/s, Materializing 
param=model.decoder.layers.1.encoder_attn.v_proj.bias]
Loading weights:   6%|▌         | 35/587 [00:00<00:01, 363.63it/s, Materializing 
param=model.decoder.layers.1.encoder_attn.v_proj.weight]
Loading weights:   6%|▌         | 35/587 [00:00<00:01, 363.63it/s, Materializing 
param=model.decoder.layers.1.encoder_attn.v_proj.weight]
Loading weights:   6%|▌         | 36/587 [00:00<00:01, 370.16it/s, Materializing 
param=model.decoder.layers.1.encoder_attn_layer_norm.bias]
Loading weights:   6%|▌         | 36/587 [00:00<00:01, 370.16it/s, Materializing 
param=model.decoder.layers.1.encoder_attn_layer_norm.bias]
Loading weights:   6%|▋         | 37/587 [00:00<00:01, 380.45it/s, Materializing 
param=model.decoder.layers.1.encoder_attn_layer_norm.weight]
Loading weights:   6%|▋         | 37/587 [00:00<00:01, 380.45it/s, Materializing 
param=model.decoder.layers.1.encoder_attn_layer_norm.weight]
Loading weights:   6%|▋         | 38/587 [00:00<00:01, 390.73it/s, Materializing 
param=model.decoder.layers.1.fc1.bias]                      
Loading weights:   6%|▋         | 38/587 [00:00<00:01, 390.73it/s, Materializing param=model.decoder.layers.1.fc1.bias]
Loading weights:   7%|▋         | 39/587 [00:00<00:01, 401.01it/s, Materializing 
param=model.decoder.layers.1.fc1.weight]
Loading weights:   7%|▋         | 39/587 [00:00<00:01, 401.01it/s, Materializing 
param=model.decoder.layers.1.fc1.weight]
Loading weights:   7%|▋         | 40/587 [00:00<00:01, 411.29it/s, Materializing 
param=model.decoder.layers.1.fc2.bias]  
Loading weights:   7%|▋         | 40/587 [00:00<00:01, 407.10it/s, Materializing param=model.decoder.layers.1.fc2.bias]
Loading weights:   7%|▋         | 41/587 [00:00<00:01, 417.27it/s, Materializing 
param=model.decoder.layers.1.fc2.weight]
Loading weights:   7%|▋         | 41/587 [00:00<00:01, 417.27it/s, Materializing 
param=model.decoder.layers.1.fc2.weight]
Loading weights:   7%|▋         | 42/587 [00:00<00:01, 427.45it/s, Materializing 
param=model.decoder.layers.1.final_layer_norm.bias]
Loading weights:   7%|▋         | 42/587 [00:00<00:01, 427.45it/s, Materializing 
param=model.decoder.layers.1.final_layer_norm.bias]
Loading weights:   7%|▋         | 43/587 [00:00<00:01, 437.63it/s, Materializing 
param=model.decoder.layers.1.final_layer_norm.weight]
Loading weights:   7%|▋         | 43/587 [00:00<00:01, 437.63it/s, Materializing 
param=model.decoder.layers.1.final_layer_norm.weight]
Loading weights:   7%|▋         | 44/587 [00:00<00:01, 443.28it/s, Materializing 
param=model.decoder.layers.1.self_attn.k_proj.weight]
Loading weights:   7%|▋         | 44/587 [00:00<00:01, 443.28it/s, Materializing 
param=model.decoder.layers.1.self_attn.k_proj.weight]
Loading weights:   8%|▊         | 45/587 [00:00<00:01, 453.36it/s, Materializing 
param=model.decoder.layers.1.self_attn.out_proj.bias]
Loading weights:   8%|▊         | 45/587 [00:00<00:01, 453.36it/s, Materializing 
param=model.decoder.layers.1.self_attn.out_proj.bias]
Loading weights:   8%|▊         | 46/587 [00:00<00:01, 463.43it/s, Materializing 
param=model.decoder.layers.1.self_attn.out_proj.weight]
Loading weights:   8%|▊         | 46/587 [00:00<00:01, 463.43it/s, Materializing 
param=model.decoder.layers.1.self_attn.out_proj.weight]
Loading weights:   8%|▊         | 47/587 [00:00<00:01, 473.51it/s, Materializing 
param=model.decoder.layers.1.self_attn.q_proj.bias]    
Loading weights:   8%|▊         | 47/587 [00:00<00:01, 473.51it/s, Materializing 
param=model.decoder.layers.1.self_attn.q_proj.bias]
Loading weights:   8%|▊         | 48/587 [00:00<00:01, 478.74it/s, Materializing 
param=model.decoder.layers.1.self_attn.q_proj.bias]
Loading weights:   8%|▊         | 48/587 [00:00<00:01, 478.74it/s, Materializing 
param=model.decoder.layers.1.self_attn.q_proj.weight]
Loading weights:   8%|▊         | 48/587 [00:00<00:01, 478.74it/s, Materializing 
param=model.decoder.layers.1.self_attn.q_proj.weight]
Loading weights:   8%|▊         | 49/587 [00:00<00:01, 478.74it/s, Materializing 
param=model.decoder.layers.1.self_attn.v_proj.bias]  
Loading weights:   8%|▊         | 49/587 [00:00<00:01, 478.74it/s, Materializing 
param=model.decoder.layers.1.self_attn.v_proj.bias]
Loading weights:   9%|▊         | 50/587 [00:00<00:01, 478.74it/s, Materializing 
param=model.decoder.layers.1.self_attn.v_proj.weight]
Loading weights:   9%|▊         | 50/587 [00:00<00:01, 478.74it/s, Materializing 
param=model.decoder.layers.1.self_attn.v_proj.weight]
Loading weights:   9%|▊         | 51/587 [00:00<00:01, 478.74it/s, Materializing 
param=model.decoder.layers.1.self_attn_layer_norm.bias]
Loading weights:   9%|▊         | 51/587 [00:00<00:01, 478.74it/s, Materializing 
param=model.decoder.layers.1.self_attn_layer_norm.bias]
Loading weights:   9%|▉         | 52/587 [00:00<00:01, 478.74it/s, Materializing 
param=model.decoder.layers.1.self_attn_layer_norm.weight]
Loading weights:   9%|▉         | 52/587 [00:00<00:01, 478.74it/s, Materializing 
param=model.decoder.layers.1.self_attn_layer_norm.weight]
Loading weights:   9%|▉         | 53/587 [00:00<00:01, 478.74it/s, Materializing 
param=model.decoder.layers.2.encoder_attn.k_proj.weight] 
Loading weights:   9%|▉         | 53/587 [00:00<00:01, 478.74it/s, Materializing 
param=model.decoder.layers.2.encoder_attn.k_proj.weight]
Loading weights:   9%|▉         | 54/587 [00:00<00:01, 478.74it/s, Materializing 
param=model.decoder.layers.2.encoder_attn.out_proj.bias]
Loading weights:   9%|▉         | 54/587 [00:00<00:01, 478.74it/s, Materializing 
param=model.decoder.layers.2.encoder_attn.out_proj.bias]
Loading weights:   9%|▉         | 55/587 [00:00<00:01, 478.74it/s, Materializing 
param=model.decoder.layers.2.encoder_attn.out_proj.weight]
Loading weights:   9%|▉         | 55/587 [00:00<00:01, 478.74it/s, Materializing 
param=model.decoder.layers.2.encoder_attn.out_proj.weight]
Loading weights:  10%|▉         | 56/587 [00:00<00:01, 478.74it/s, Materializing 
param=model.decoder.layers.2.encoder_attn.q_proj.bias]    
Loading weights:  10%|▉         | 56/587 [00:00<00:01, 478.74it/s, Materializing 
param=model.decoder.layers.2.encoder_attn.q_proj.bias]
Loading weights:  10%|▉         | 57/587 [00:00<00:01, 478.74it/s, Materializing 
param=model.decoder.layers.2.encoder_attn.q_proj.weight]
Loading weights:  10%|▉         | 57/587 [00:00<00:01, 478.74it/s, Materializing 
param=model.decoder.layers.2.encoder_attn.q_proj.weight]
Loading weights:  10%|▉         | 58/587 [00:00<00:01, 478.74it/s, Materializing 
param=model.decoder.layers.2.encoder_attn.v_proj.bias]  
Loading weights:  10%|▉         | 58/587 [00:00<00:01, 478.74it/s, Materializing 
param=model.decoder.layers.2.encoder_attn.v_proj.bias]
Loading weights:  10%|█         | 59/587 [00:00<00:01, 478.74it/s, Materializing 
param=model.decoder.layers.2.encoder_attn.v_proj.weight]
Loading weights:  10%|█         | 59/587 [00:00<00:01, 478.74it/s, Materializing 
param=model.decoder.layers.2.encoder_attn.v_proj.weight]
Loading weights:  10%|█         | 60/587 [00:00<00:01, 478.74it/s, Materializing 
param=model.decoder.layers.2.encoder_attn_layer_norm.bias]
Loading weights:  10%|█         | 60/587 [00:00<00:01, 478.74it/s, Materializing 
param=model.decoder.layers.2.encoder_attn_layer_norm.bias]
Loading weights:  10%|█         | 61/587 [00:00<00:01, 478.74it/s, Materializing 
param=model.decoder.layers.2.encoder_attn_layer_norm.weight]
Loading weights:  10%|█         | 61/587 [00:00<00:01, 478.74it/s, Materializing 
param=model.decoder.layers.2.encoder_attn_layer_norm.weight]
Loading weights:  11%|█         | 62/587 [00:00<00:01, 478.74it/s, Materializing 
param=model.decoder.layers.2.fc1.bias]                      
Loading weights:  11%|█         | 62/587 [00:00<00:01, 478.74it/s, Materializing param=model.decoder.layers.2.fc1.bias]
Loading weights:  11%|█         | 63/587 [00:00<00:01, 478.74it/s, Materializing 
param=model.decoder.layers.2.fc1.weight]
Loading weights:  11%|█         | 63/587 [00:00<00:01, 478.74it/s, Materializing 
param=model.decoder.layers.2.fc1.weight]
Loading weights:  11%|█         | 64/587 [00:00<00:01, 478.74it/s, Materializing 
param=model.decoder.layers.2.fc2.bias]  
Loading weights:  11%|█         | 64/587 [00:00<00:01, 478.74it/s, Materializing param=model.decoder.layers.2.fc2.bias]
Loading weights:  11%|█         | 65/587 [00:00<00:01, 478.74it/s, Materializing 
param=model.decoder.layers.2.fc2.weight]
Loading weights:  11%|█         | 65/587 [00:00<00:01, 478.74it/s, Materializing 
param=model.decoder.layers.2.fc2.weight]
Loading weights:  11%|█         | 66/587 [00:00<00:01, 478.74it/s, Materializing 
param=model.decoder.layers.2.final_layer_norm.bias]
Loading weights:  11%|█         | 66/587 [00:00<00:01, 478.74it/s, Materializing 
param=model.decoder.layers.2.final_layer_norm.bias]
Loading weights:  11%|█▏        | 67/587 [00:00<00:01, 478.74it/s, Materializing 
param=model.decoder.layers.2.final_layer_norm.weight]
Loading weights:  11%|█▏        | 67/587 [00:00<00:01, 478.74it/s, Materializing 
param=model.decoder.layers.2.final_layer_norm.weight]
Loading weights:  12%|█▏        | 68/587 [00:00<00:01, 478.74it/s, Materializing 
param=model.decoder.layers.2.self_attn.k_proj.weight]
Loading weights:  12%|█▏        | 68/587 [00:00<00:01, 478.74it/s, Materializing 
param=model.decoder.layers.2.self_attn.k_proj.weight]
Loading weights:  12%|█▏        | 69/587 [00:00<00:01, 478.74it/s, Materializing 
param=model.decoder.layers.2.self_attn.out_proj.bias]
Loading weights:  12%|█▏        | 69/587 [00:00<00:01, 478.74it/s, Materializing 
param=model.decoder.layers.2.self_attn.out_proj.bias]
Loading weights:  12%|█▏        | 70/587 [00:00<00:01, 478.74it/s, Materializing 
param=model.decoder.layers.2.self_attn.out_proj.weight]
Loading weights:  12%|█▏        | 70/587 [00:00<00:01, 478.74it/s, Materializing 
param=model.decoder.layers.2.self_attn.out_proj.weight]
Loading weights:  12%|█▏        | 71/587 [00:00<00:01, 478.74it/s, Materializing 
param=model.decoder.layers.2.self_attn.q_proj.bias]    
Loading weights:  12%|█▏        | 71/587 [00:00<00:01, 478.74it/s, Materializing 
param=model.decoder.layers.2.self_attn.q_proj.bias]
Loading weights:  12%|█▏        | 72/587 [00:00<00:01, 478.74it/s, Materializing 
param=model.decoder.layers.2.self_attn.q_proj.weight]
Loading weights:  12%|█▏        | 72/587 [00:00<00:01, 478.74it/s, Materializing 
param=model.decoder.layers.2.self_attn.q_proj.weight]
Loading weights:  12%|█▏        | 73/587 [00:00<00:01, 478.74it/s, Materializing 
param=model.decoder.layers.2.self_attn.v_proj.bias]  
Loading weights:  12%|█▏        | 73/587 [00:00<00:01, 478.74it/s, Materializing 
param=model.decoder.layers.2.self_attn.v_proj.bias]
Loading weights:  13%|█▎        | 74/587 [00:00<00:01, 478.74it/s, Materializing 
param=model.decoder.layers.2.self_attn.v_proj.weight]
Loading weights:  13%|█▎        | 74/587 [00:00<00:01, 478.74it/s, Materializing 
param=model.decoder.layers.2.self_attn.v_proj.weight]
Loading weights:  13%|█▎        | 75/587 [00:00<00:01, 478.74it/s, Materializing 
param=model.decoder.layers.2.self_attn_layer_norm.bias]
Loading weights:  13%|█▎        | 75/587 [00:00<00:01, 478.74it/s, Materializing 
param=model.decoder.layers.2.self_attn_layer_norm.bias]
Loading weights:  13%|█▎        | 76/587 [00:00<00:01, 478.74it/s, Materializing 
param=model.decoder.layers.2.self_attn_layer_norm.weight]
Loading weights:  13%|█▎        | 76/587 [00:00<00:01, 478.74it/s, Materializing 
param=model.decoder.layers.2.self_attn_layer_norm.weight]
Loading weights:  13%|█▎        | 77/587 [00:00<00:01, 478.74it/s, Materializing 
param=model.decoder.layers.3.encoder_attn.k_proj.weight] 
Loading weights:  13%|█▎        | 77/587 [00:00<00:01, 478.74it/s, Materializing 
param=model.decoder.layers.3.encoder_attn.k_proj.weight]
Loading weights:  13%|█▎        | 78/587 [00:00<00:01, 478.74it/s, Materializing 
param=model.decoder.layers.3.encoder_attn.out_proj.bias]
Loading weights:  13%|█▎        | 78/587 [00:00<00:01, 478.74it/s, Materializing 
param=model.decoder.layers.3.encoder_attn.out_proj.bias]
Loading weights:  13%|█▎        | 79/587 [00:00<00:01, 478.74it/s, Materializing 
param=model.decoder.layers.3.encoder_attn.out_proj.weight]
Loading weights:  13%|█▎        | 79/587 [00:00<00:01, 478.74it/s, Materializing 
param=model.decoder.layers.3.encoder_attn.out_proj.weight]
Loading weights:  14%|█▎        | 80/587 [00:00<00:01, 478.74it/s, Materializing 
param=model.decoder.layers.3.encoder_attn.q_proj.bias]    
Loading weights:  14%|█▎        | 80/587 [00:00<00:01, 478.74it/s, Materializing 
param=model.decoder.layers.3.encoder_attn.q_proj.bias]
Loading weights:  14%|█▍        | 81/587 [00:00<00:01, 478.74it/s, Materializing 
param=model.decoder.layers.3.encoder_attn.q_proj.weight]
Loading weights:  14%|█▍        | 81/587 [00:00<00:01, 478.74it/s, Materializing 
param=model.decoder.layers.3.encoder_attn.q_proj.weight]
Loading weights:  14%|█▍        | 82/587 [00:00<00:01, 478.74it/s, Materializing 
param=model.decoder.layers.3.encoder_attn.v_proj.bias]  
Loading weights:  14%|█▍        | 82/587 [00:00<00:01, 478.74it/s, Materializing 
param=model.decoder.layers.3.encoder_attn.v_proj.bias]
Loading weights:  14%|█▍        | 83/587 [00:00<00:01, 478.74it/s, Materializing 
param=model.decoder.layers.3.encoder_attn.v_proj.weight]
Loading weights:  14%|█▍        | 83/587 [00:00<00:01, 478.74it/s, Materializing 
param=model.decoder.layers.3.encoder_attn.v_proj.weight]
Loading weights:  14%|█▍        | 84/587 [00:00<00:01, 478.74it/s, Materializing 
param=model.decoder.layers.3.encoder_attn_layer_norm.bias]
Loading weights:  14%|█▍        | 84/587 [00:00<00:01, 478.74it/s, Materializing 
param=model.decoder.layers.3.encoder_attn_layer_norm.bias]
Loading weights:  14%|█▍        | 85/587 [00:00<00:01, 478.74it/s, Materializing 
param=model.decoder.layers.3.encoder_attn_layer_norm.weight]
Loading weights:  14%|█▍        | 85/587 [00:00<00:01, 478.74it/s, Materializing 
param=model.decoder.layers.3.encoder_attn_layer_norm.weight]
Loading weights:  15%|█▍        | 86/587 [00:00<00:01, 478.74it/s, Materializing 
param=model.decoder.layers.3.fc1.bias]                      
Loading weights:  15%|█▍        | 86/587 [00:00<00:01, 478.74it/s, Materializing param=model.decoder.layers.3.fc1.bias]
Loading weights:  15%|█▍        | 87/587 [00:00<00:01, 478.74it/s, Materializing 
param=model.decoder.layers.3.fc1.weight]
Loading weights:  15%|█▍        | 87/587 [00:00<00:01, 478.74it/s, Materializing 
param=model.decoder.layers.3.fc1.weight]
Loading weights:  15%|█▍        | 88/587 [00:00<00:01, 478.74it/s, Materializing 
param=model.decoder.layers.3.fc2.bias]  
Loading weights:  15%|█▍        | 88/587 [00:00<00:01, 478.74it/s, Materializing param=model.decoder.layers.3.fc2.bias]
Loading weights:  15%|█▌        | 89/587 [00:00<00:01, 478.74it/s, Materializing 
param=model.decoder.layers.3.fc2.weight]
Loading weights:  15%|█▌        | 89/587 [00:00<00:01, 478.74it/s, Materializing 
param=model.decoder.layers.3.fc2.weight]
Loading weights:  15%|█▌        | 90/587 [00:00<00:01, 478.74it/s, Materializing 
param=model.decoder.layers.3.final_layer_norm.bias]
Loading weights:  15%|█▌        | 90/587 [00:00<00:01, 478.74it/s, Materializing 
param=model.decoder.layers.3.final_layer_norm.bias]
Loading weights:  16%|█▌        | 91/587 [00:00<00:01, 478.74it/s, Materializing 
param=model.decoder.layers.3.final_layer_norm.weight]
Loading weights:  16%|█▌        | 91/587 [00:00<00:01, 478.74it/s, Materializing 
param=model.decoder.layers.3.final_layer_norm.weight]
Loading weights:  16%|█▌        | 92/587 [00:00<00:01, 478.74it/s, Materializing 
param=model.decoder.layers.3.self_attn.k_proj.weight]
Loading weights:  16%|█▌        | 92/587 [00:00<00:01, 478.74it/s, Materializing 
param=model.decoder.layers.3.self_attn.k_proj.weight]
Loading weights:  16%|█▌        | 93/587 [00:00<00:01, 478.74it/s, Materializing 
param=model.decoder.layers.3.self_attn.out_proj.bias]
Loading weights:  16%|█▌        | 93/587 [00:00<00:01, 478.74it/s, Materializing 
param=model.decoder.layers.3.self_attn.out_proj.bias]
Loading weights:  16%|█▌        | 94/587 [00:00<00:01, 478.74it/s, Materializing 
param=model.decoder.layers.3.self_attn.out_proj.weight]
Loading weights:  16%|█▌        | 94/587 [00:00<00:01, 478.74it/s, Materializing 
param=model.decoder.layers.3.self_attn.out_proj.weight]
Loading weights:  16%|█▌        | 95/587 [00:00<00:01, 478.74it/s, Materializing 
param=model.decoder.layers.3.self_attn.q_proj.bias]    
Loading weights:  16%|█▌        | 95/587 [00:00<00:01, 478.74it/s, Materializing 
param=model.decoder.layers.3.self_attn.q_proj.bias]
Loading weights:  16%|█▋        | 96/587 [00:00<00:01, 478.74it/s, Materializing 
param=model.decoder.layers.3.self_attn.q_proj.weight]
Loading weights:  16%|█▋        | 96/587 [00:00<00:01, 478.74it/s, Materializing 
param=model.decoder.layers.3.self_attn.q_proj.weight]
Loading weights:  17%|█▋        | 97/587 [00:00<00:01, 478.74it/s, Materializing 
param=model.decoder.layers.3.self_attn.v_proj.bias]  
Loading weights:  17%|█▋        | 97/587 [00:00<00:01, 478.74it/s, Materializing 
param=model.decoder.layers.3.self_attn.v_proj.bias]
Loading weights:  17%|█▋        | 98/587 [00:00<00:01, 478.74it/s, Materializing 
param=model.decoder.layers.3.self_attn.v_proj.weight]
Loading weights:  17%|█▋        | 98/587 [00:00<00:01, 478.74it/s, Materializing 
param=model.decoder.layers.3.self_attn.v_proj.weight]
Loading weights:  17%|█▋        | 99/587 [00:00<00:01, 478.74it/s, Materializing 
param=model.decoder.layers.3.self_attn_layer_norm.bias]
Loading weights:  17%|█▋        | 99/587 [00:00<00:01, 478.74it/s, Materializing 
param=model.decoder.layers.3.self_attn_layer_norm.bias]
Loading weights:  17%|█▋        | 100/587 [00:00<00:01, 478.74it/s, Materializing 
param=model.decoder.layers.3.self_attn_layer_norm.weight]
Loading weights:  17%|█▋        | 100/587 [00:00<00:01, 478.74it/s, Materializing 
param=model.decoder.layers.3.self_attn_layer_norm.weight]
Loading weights:  17%|█▋        | 101/587 [00:00<00:01, 478.74it/s, Materializing param=model.encoder.conv1.bias]      
                    
Loading weights:  17%|█▋        | 101/587 [00:00<00:01, 478.74it/s, Materializing param=model.encoder.conv1.bias]
Loading weights:  17%|█▋        | 102/587 [00:00<00:01, 478.74it/s, Materializing param=model.encoder.conv1.weight]
Loading weights:  17%|█▋        | 102/587 [00:00<00:01, 478.74it/s, Materializing param=model.encoder.conv1.weight]
Loading weights:  18%|█▊        | 103/587 [00:00<00:01, 478.74it/s, Materializing param=model.encoder.conv2.bias]  
Loading weights:  18%|█▊        | 103/587 [00:00<00:01, 478.74it/s, Materializing param=model.encoder.conv2.bias]
Loading weights:  18%|█▊        | 104/587 [00:00<00:01, 478.74it/s, Materializing param=model.encoder.conv2.weight]
Loading weights:  18%|█▊        | 104/587 [00:00<00:01, 478.74it/s, Materializing param=model.encoder.conv2.weight]
Loading weights:  18%|█▊        | 105/587 [00:00<00:01, 478.74it/s, Materializing 
param=model.encoder.embed_positions.weight]
Loading weights:  18%|█▊        | 105/587 [00:00<00:01, 478.74it/s, Materializing 
param=model.encoder.embed_positions.weight]
Loading weights:  18%|█▊        | 106/587 [00:00<00:01, 478.74it/s, Materializing param=model.encoder.layer_norm.bias] 
      
Loading weights:  18%|█▊        | 106/587 [00:00<00:01, 478.74it/s, Materializing param=model.encoder.layer_norm.bias]
Loading weights:  18%|█▊        | 107/587 [00:00<00:01, 478.74it/s, Materializing 
param=model.encoder.layer_norm.weight]
Loading weights:  18%|█▊        | 107/587 [00:00<00:01, 478.74it/s, Materializing 
param=model.encoder.layer_norm.weight]
Loading weights:  18%|█▊        | 108/587 [00:00<00:01, 478.74it/s, Materializing 
param=model.encoder.layers.0.fc1.bias]
Loading weights:  18%|█▊        | 108/587 [00:00<00:01, 478.74it/s, Materializing 
param=model.encoder.layers.0.fc1.bias]
Loading weights:  19%|█▊        | 109/587 [00:00<00:00, 478.74it/s, Materializing 
param=model.encoder.layers.0.fc1.weight]
Loading weights:  19%|█▊        | 109/587 [00:00<00:00, 478.74it/s, Materializing 
param=model.encoder.layers.0.fc1.weight]
Loading weights:  19%|█▊        | 110/587 [00:00<00:00, 478.74it/s, Materializing 
param=model.encoder.layers.0.fc2.bias]  
Loading weights:  19%|█▊        | 110/587 [00:00<00:00, 478.74it/s, Materializing 
param=model.encoder.layers.0.fc2.bias]
Loading weights:  19%|█▉        | 111/587 [00:00<00:00, 478.74it/s, Materializing 
param=model.encoder.layers.0.fc2.weight]
Loading weights:  19%|█▉        | 111/587 [00:00<00:00, 478.74it/s, Materializing 
param=model.encoder.layers.0.fc2.weight]
Loading weights:  19%|█▉        | 112/587 [00:00<00:00, 478.74it/s, Materializing 
param=model.encoder.layers.0.final_layer_norm.bias]
Loading weights:  19%|█▉        | 112/587 [00:00<00:00, 478.74it/s, Materializing 
param=model.encoder.layers.0.final_layer_norm.bias]
Loading weights:  19%|█▉        | 113/587 [00:00<00:00, 478.74it/s, Materializing 
param=model.encoder.layers.0.final_layer_norm.weight]
Loading weights:  19%|█▉        | 113/587 [00:00<00:00, 478.74it/s, Materializing 
param=model.encoder.layers.0.final_layer_norm.weight]
Loading weights:  19%|█▉        | 114/587 [00:00<00:00, 478.74it/s, Materializing 
param=model.encoder.layers.0.self_attn.k_proj.weight]
Loading weights:  19%|█▉        | 114/587 [00:00<00:00, 478.74it/s, Materializing 
param=model.encoder.layers.0.self_attn.k_proj.weight]
Loading weights:  20%|█▉        | 115/587 [00:00<00:00, 478.74it/s, Materializing 
param=model.encoder.layers.0.self_attn.out_proj.bias]
Loading weights:  20%|█▉        | 115/587 [00:00<00:00, 478.74it/s, Materializing 
param=model.encoder.layers.0.self_attn.out_proj.bias]
Loading weights:  20%|█▉        | 116/587 [00:00<00:00, 478.74it/s, Materializing 
param=model.encoder.layers.0.self_attn.out_proj.weight]
Loading weights:  20%|█▉        | 116/587 [00:00<00:00, 478.74it/s, Materializing 
param=model.encoder.layers.0.self_attn.out_proj.weight]
Loading weights:  20%|█▉        | 117/587 [00:00<00:00, 478.74it/s, Materializing 
param=model.encoder.layers.0.self_attn.q_proj.bias]    
Loading weights:  20%|█▉        | 117/587 [00:00<00:00, 478.74it/s, Materializing 
param=model.encoder.layers.0.self_attn.q_proj.bias]
Loading weights:  20%|██        | 118/587 [00:00<00:00, 478.74it/s, Materializing 
param=model.encoder.layers.0.self_attn.q_proj.weight]
Loading weights:  20%|██        | 118/587 [00:00<00:00, 478.74it/s, Materializing 
param=model.encoder.layers.0.self_attn.q_proj.weight]
Loading weights:  20%|██        | 119/587 [00:00<00:00, 478.74it/s, Materializing 
param=model.encoder.layers.0.self_attn.v_proj.bias]  
Loading weights:  20%|██        | 119/587 [00:00<00:00, 478.74it/s, Materializing 
param=model.encoder.layers.0.self_attn.v_proj.bias]
Loading weights:  20%|██        | 120/587 [00:00<00:00, 478.74it/s, Materializing 
param=model.encoder.layers.0.self_attn.v_proj.weight]
Loading weights:  20%|██        | 120/587 [00:00<00:00, 478.74it/s, Materializing 
param=model.encoder.layers.0.self_attn.v_proj.weight]
Loading weights:  21%|██        | 121/587 [00:00<00:00, 478.74it/s, Materializing 
param=model.encoder.layers.0.self_attn_layer_norm.bias]
Loading weights:  21%|██        | 121/587 [00:00<00:00, 478.74it/s, Materializing 
param=model.encoder.layers.0.self_attn_layer_norm.bias]
Loading weights:  21%|██        | 122/587 [00:00<00:00, 478.74it/s, Materializing 
param=model.encoder.layers.0.self_attn_layer_norm.weight]
Loading weights:  21%|██        | 122/587 [00:00<00:00, 478.74it/s, Materializing 
param=model.encoder.layers.0.self_attn_layer_norm.weight]
Loading weights:  21%|██        | 123/587 [00:00<00:00, 478.74it/s, Materializing 
param=model.encoder.layers.1.fc1.bias]                   
Loading weights:  21%|██        | 123/587 [00:00<00:00, 478.74it/s, Materializing 
param=model.encoder.layers.1.fc1.bias]
Loading weights:  21%|██        | 124/587 [00:00<00:00, 478.74it/s, Materializing 
param=model.encoder.layers.1.fc1.weight]
Loading weights:  21%|██        | 124/587 [00:00<00:00, 478.74it/s, Materializing 
param=model.encoder.layers.1.fc1.weight]
Loading weights:  21%|██▏       | 125/587 [00:00<00:00, 478.74it/s, Materializing 
param=model.encoder.layers.1.fc2.bias]  
Loading weights:  21%|██▏       | 125/587 [00:00<00:00, 478.74it/s, Materializing 
param=model.encoder.layers.1.fc2.bias]
Loading weights:  21%|██▏       | 126/587 [00:00<00:00, 478.74it/s, Materializing 
param=model.encoder.layers.1.fc2.weight]
Loading weights:  21%|██▏       | 126/587 [00:00<00:00, 478.74it/s, Materializing 
param=model.encoder.layers.1.fc2.weight]
Loading weights:  22%|██▏       | 127/587 [00:00<00:00, 478.74it/s, Materializing 
param=model.encoder.layers.1.final_layer_norm.bias]
Loading weights:  22%|██▏       | 127/587 [00:00<00:00, 478.74it/s, Materializing 
param=model.encoder.layers.1.final_layer_norm.bias]
Loading weights:  22%|██▏       | 128/587 [00:00<00:00, 478.74it/s, Materializing 
param=model.encoder.layers.1.final_layer_norm.weight]
Loading weights:  22%|██▏       | 128/587 [00:00<00:00, 478.74it/s, Materializing 
param=model.encoder.layers.1.final_layer_norm.weight]
Loading weights:  22%|██▏       | 129/587 [00:00<00:00, 478.74it/s, Materializing 
param=model.encoder.layers.1.self_attn.k_proj.weight]
Loading weights:  22%|██▏       | 129/587 [00:00<00:00, 478.74it/s, Materializing 
param=model.encoder.layers.1.self_attn.k_proj.weight]
Loading weights:  22%|██▏       | 130/587 [00:00<00:00, 478.74it/s, Materializing 
param=model.encoder.layers.1.self_attn.out_proj.bias]
Loading weights:  22%|██▏       | 130/587 [00:00<00:00, 478.74it/s, Materializing 
param=model.encoder.layers.1.self_attn.out_proj.bias]
Loading weights:  22%|██▏       | 131/587 [00:00<00:00, 478.74it/s, Materializing 
param=model.encoder.layers.1.self_attn.out_proj.weight]
Loading weights:  22%|██▏       | 131/587 [00:00<00:00, 478.74it/s, Materializing 
param=model.encoder.layers.1.self_attn.out_proj.weight]
Loading weights:  22%|██▏       | 132/587 [00:00<00:00, 478.74it/s, Materializing 
param=model.encoder.layers.1.self_attn.q_proj.bias]    
Loading weights:  22%|██▏       | 132/587 [00:00<00:00, 478.74it/s, Materializing 
param=model.encoder.layers.1.self_attn.q_proj.bias]
Loading weights:  23%|██▎       | 133/587 [00:00<00:00, 478.74it/s, Materializing 
param=model.encoder.layers.1.self_attn.q_proj.weight]
Loading weights:  23%|██▎       | 133/587 [00:00<00:00, 478.74it/s, Materializing 
param=model.encoder.layers.1.self_attn.q_proj.weight]
Loading weights:  23%|██▎       | 134/587 [00:00<00:00, 478.74it/s, Materializing 
param=model.encoder.layers.1.self_attn.v_proj.bias]  
Loading weights:  23%|██▎       | 134/587 [00:00<00:00, 478.74it/s, Materializing 
param=model.encoder.layers.1.self_attn.v_proj.bias]
Loading weights:  23%|██▎       | 135/587 [00:00<00:00, 478.74it/s, Materializing 
param=model.encoder.layers.1.self_attn.v_proj.weight]
Loading weights:  23%|██▎       | 135/587 [00:00<00:00, 478.74it/s, Materializing 
param=model.encoder.layers.1.self_attn.v_proj.weight]
Loading weights:  23%|██▎       | 136/587 [00:00<00:00, 478.74it/s, Materializing 
param=model.encoder.layers.1.self_attn_layer_norm.bias]
Loading weights:  23%|██▎       | 136/587 [00:00<00:00, 478.74it/s, Materializing 
param=model.encoder.layers.1.self_attn_layer_norm.bias]
Loading weights:  23%|██▎       | 137/587 [00:00<00:00, 478.74it/s, Materializing 
param=model.encoder.layers.1.self_attn_layer_norm.weight]
Loading weights:  23%|██▎       | 137/587 [00:00<00:00, 478.74it/s, Materializing 
param=model.encoder.layers.1.self_attn_layer_norm.weight]
Loading weights:  24%|██▎       | 138/587 [00:00<00:00, 478.74it/s, Materializing 
param=model.encoder.layers.2.fc1.bias]                   
Loading weights:  24%|██▎       | 138/587 [00:00<00:00, 478.74it/s, Materializing 
param=model.encoder.layers.2.fc1.bias]
Loading weights:  24%|██▎       | 139/587 [00:00<00:00, 478.74it/s, Materializing 
param=model.encoder.layers.2.fc1.weight]
Loading weights:  24%|██▎       | 139/587 [00:00<00:00, 478.74it/s, Materializing 
param=model.encoder.layers.2.fc1.weight]
Loading weights:  24%|██▍       | 140/587 [00:00<00:00, 478.74it/s, Materializing 
param=model.encoder.layers.2.fc2.bias]  
Loading weights:  24%|██▍       | 140/587 [00:00<00:00, 478.74it/s, Materializing 
param=model.encoder.layers.2.fc2.bias]
Loading weights:  24%|██▍       | 141/587 [00:00<00:00, 478.74it/s, Materializing 
param=model.encoder.layers.2.fc2.weight]
Loading weights:  24%|██▍       | 141/587 [00:00<00:00, 478.74it/s, Materializing 
param=model.encoder.layers.2.fc2.weight]
Loading weights:  24%|██▍       | 142/587 [00:00<00:00, 478.74it/s, Materializing 
param=model.encoder.layers.2.final_layer_norm.bias]
Loading weights:  24%|██▍       | 142/587 [00:00<00:00, 478.74it/s, Materializing 
param=model.encoder.layers.2.final_layer_norm.bias]
Loading weights:  24%|██▍       | 143/587 [00:00<00:00, 478.74it/s, Materializing 
param=model.encoder.layers.2.final_layer_norm.weight]
Loading weights:  24%|██▍       | 143/587 [00:00<00:00, 478.74it/s, Materializing 
param=model.encoder.layers.2.final_layer_norm.weight]
Loading weights:  25%|██▍       | 144/587 [00:00<00:00, 478.74it/s, Materializing 
param=model.encoder.layers.2.self_attn.k_proj.weight]
Loading weights:  25%|██▍       | 144/587 [00:00<00:00, 478.74it/s, Materializing 
param=model.encoder.layers.2.self_attn.k_proj.weight]
Loading weights:  25%|██▍       | 145/587 [00:00<00:00, 478.74it/s, Materializing 
param=model.encoder.layers.2.self_attn.out_proj.bias]
Loading weights:  25%|██▍       | 145/587 [00:00<00:00, 478.74it/s, Materializing 
param=model.encoder.layers.2.self_attn.out_proj.bias]
Loading weights:  25%|██▍       | 146/587 [00:00<00:00, 478.74it/s, Materializing 
param=model.encoder.layers.2.self_attn.out_proj.weight]
Loading weights:  25%|██▍       | 146/587 [00:00<00:00, 478.74it/s, Materializing 
param=model.encoder.layers.2.self_attn.out_proj.weight]
Loading weights:  25%|██▌       | 147/587 [00:00<00:00, 478.74it/s, Materializing 
param=model.encoder.layers.2.self_attn.q_proj.bias]    
Loading weights:  25%|██▌       | 147/587 [00:00<00:00, 478.74it/s, Materializing 
param=model.encoder.layers.2.self_attn.q_proj.bias]
Loading weights:  25%|██▌       | 148/587 [00:00<00:00, 478.74it/s, Materializing 
param=model.encoder.layers.2.self_attn.q_proj.weight]
Loading weights:  25%|██▌       | 148/587 [00:00<00:00, 478.74it/s, Materializing 
param=model.encoder.layers.2.self_attn.q_proj.weight]
Loading weights:  25%|██▌       | 149/587 [00:00<00:00, 478.74it/s, Materializing 
param=model.encoder.layers.2.self_attn.v_proj.bias]  
Loading weights:  25%|██▌       | 149/587 [00:00<00:00, 478.74it/s, Materializing 
param=model.encoder.layers.2.self_attn.v_proj.bias]
Loading weights:  26%|██▌       | 150/587 [00:00<00:00, 478.74it/s, Materializing 
param=model.encoder.layers.2.self_attn.v_proj.weight]
Loading weights:  26%|██▌       | 150/587 [00:00<00:00, 478.74it/s, Materializing 
param=model.encoder.layers.2.self_attn.v_proj.weight]
Loading weights:  26%|██▌       | 151/587 [00:00<00:00, 478.74it/s, Materializing 
param=model.encoder.layers.2.self_attn_layer_norm.bias]
Loading weights:  26%|██▌       | 151/587 [00:00<00:00, 478.74it/s, Materializing 
param=model.encoder.layers.2.self_attn_layer_norm.bias]
Loading weights:  26%|██▌       | 152/587 [00:00<00:00, 478.74it/s, Materializing 
param=model.encoder.layers.2.self_attn_layer_norm.weight]
Loading weights:  26%|██▌       | 152/587 [00:00<00:00, 478.74it/s, Materializing 
param=model.encoder.layers.2.self_attn_layer_norm.weight]
Loading weights:  26%|██▌       | 153/587 [00:00<00:00, 478.74it/s, Materializing 
param=model.encoder.layers.3.fc1.bias]                   
Loading weights:  26%|██▌       | 153/587 [00:00<00:00, 478.74it/s, Materializing 
param=model.encoder.layers.3.fc1.bias]
Loading weights:  26%|██▌       | 154/587 [00:00<00:00, 478.74it/s, Materializing 
param=model.encoder.layers.3.fc1.weight]
Loading weights:  26%|██▌       | 154/587 [00:00<00:00, 478.74it/s, Materializing 
param=model.encoder.layers.3.fc1.weight]
Loading weights:  26%|██▋       | 155/587 [00:00<00:00, 478.74it/s, Materializing 
param=model.encoder.layers.3.fc2.bias]  
Loading weights:  26%|██▋       | 155/587 [00:00<00:00, 478.74it/s, Materializing 
param=model.encoder.layers.3.fc2.bias]
Loading weights:  27%|██▋       | 156/587 [00:00<00:00, 478.74it/s, Materializing 
param=model.encoder.layers.3.fc2.weight]
Loading weights:  27%|██▋       | 156/587 [00:00<00:00, 478.74it/s, Materializing 
param=model.encoder.layers.3.fc2.weight]
Loading weights:  27%|██▋       | 157/587 [00:00<00:00, 478.74it/s, Materializing 
param=model.encoder.layers.3.final_layer_norm.bias]
Loading weights:  27%|██▋       | 157/587 [00:00<00:00, 478.74it/s, Materializing 
param=model.encoder.layers.3.final_layer_norm.bias]
Loading weights:  27%|██▋       | 158/587 [00:00<00:00, 478.74it/s, Materializing 
param=model.encoder.layers.3.final_layer_norm.weight]
Loading weights:  27%|██▋       | 158/587 [00:00<00:00, 478.74it/s, Materializing 
param=model.encoder.layers.3.final_layer_norm.weight]
Loading weights:  27%|██▋       | 159/587 [00:00<00:00, 478.74it/s, Materializing 
param=model.encoder.layers.3.self_attn.k_proj.weight]
Loading weights:  27%|██▋       | 159/587 [00:00<00:00, 478.74it/s, Materializing 
param=model.encoder.layers.3.self_attn.k_proj.weight]
Loading weights:  27%|██▋       | 160/587 [00:00<00:00, 478.74it/s, Materializing 
param=model.encoder.layers.3.self_attn.out_proj.bias]
Loading weights:  27%|██▋       | 160/587 [00:00<00:00, 478.74it/s, Materializing 
param=model.encoder.layers.3.self_attn.out_proj.bias]
Loading weights:  27%|██▋       | 161/587 [00:00<00:00, 478.74it/s, Materializing 
param=model.encoder.layers.3.self_attn.out_proj.weight]
Loading weights:  27%|██▋       | 161/587 [00:00<00:00, 478.74it/s, Materializing 
param=model.encoder.layers.3.self_attn.out_proj.weight]
Loading weights:  28%|██▊       | 162/587 [00:00<00:00, 478.74it/s, Materializing 
param=model.encoder.layers.3.self_attn.q_proj.bias]    
Loading weights:  28%|██▊       | 162/587 [00:00<00:00, 478.74it/s, Materializing 
param=model.encoder.layers.3.self_attn.q_proj.bias]
Loading weights:  28%|██▊       | 163/587 [00:00<00:00, 478.74it/s, Materializing 
param=model.encoder.layers.3.self_attn.q_proj.weight]
Loading weights:  28%|██▊       | 163/587 [00:00<00:00, 478.74it/s, Materializing 
param=model.encoder.layers.3.self_attn.q_proj.weight]
Loading weights:  28%|██▊       | 164/587 [00:00<00:00, 478.74it/s, Materializing 
param=model.encoder.layers.3.self_attn.v_proj.bias]  
Loading weights:  28%|██▊       | 164/587 [00:00<00:00, 478.74it/s, Materializing 
param=model.encoder.layers.3.self_attn.v_proj.bias]
Loading weights:  28%|██▊       | 165/587 [00:00<00:00, 478.74it/s, Materializing 
param=model.encoder.layers.3.self_attn.v_proj.weight]
Loading weights:  28%|██▊       | 165/587 [00:00<00:00, 478.74it/s, Materializing 
param=model.encoder.layers.3.self_attn.v_proj.weight]
Loading weights:  28%|██▊       | 166/587 [00:00<00:00, 478.74it/s, Materializing 
param=model.encoder.layers.3.self_attn_layer_norm.bias]
Loading weights:  28%|██▊       | 166/587 [00:00<00:00, 478.74it/s, Materializing 
param=model.encoder.layers.3.self_attn_layer_norm.bias]
Loading weights:  28%|██▊       | 167/587 [00:00<00:00, 478.74it/s, Materializing 
param=model.encoder.layers.3.self_attn_layer_norm.weight]
Loading weights:  28%|██▊       | 167/587 [00:00<00:00, 478.74it/s, Materializing 
param=model.encoder.layers.3.self_attn_layer_norm.weight]
Loading weights:  29%|██▊       | 168/587 [00:00<00:00, 478.74it/s, Materializing 
param=model.encoder.layers.4.fc1.bias]                   
Loading weights:  29%|██▊       | 168/587 [00:00<00:00, 478.74it/s, Materializing 
param=model.encoder.layers.4.fc1.bias]
Loading weights:  29%|██▉       | 169/587 [00:00<00:00, 478.74it/s, Materializing 
param=model.encoder.layers.4.fc1.weight]
Loading weights:  29%|██▉       | 169/587 [00:00<00:00, 478.74it/s, Materializing 
param=model.encoder.layers.4.fc1.weight]
Loading weights:  29%|██▉       | 170/587 [00:00<00:00, 478.74it/s, Materializing 
param=model.encoder.layers.4.fc2.bias]  
Loading weights:  29%|██▉       | 170/587 [00:00<00:00, 478.74it/s, Materializing 
param=model.encoder.layers.4.fc2.bias]
Loading weights:  29%|██▉       | 171/587 [00:00<00:00, 478.74it/s, Materializing 
param=model.encoder.layers.4.fc2.weight]
Loading weights:  29%|██▉       | 171/587 [00:00<00:00, 478.74it/s, Materializing 
param=model.encoder.layers.4.fc2.weight]
Loading weights:  29%|██▉       | 172/587 [00:00<00:00, 478.74it/s, Materializing 
param=model.encoder.layers.4.final_layer_norm.bias]
Loading weights:  29%|██▉       | 172/587 [00:00<00:00, 478.74it/s, Materializing 
param=model.encoder.layers.4.final_layer_norm.bias]
Loading weights:  29%|██▉       | 173/587 [00:00<00:00, 478.74it/s, Materializing 
param=model.encoder.layers.4.final_layer_norm.weight]
Loading weights:  29%|██▉       | 173/587 [00:00<00:00, 478.74it/s, Materializing 
param=model.encoder.layers.4.final_layer_norm.weight]
Loading weights:  30%|██▉       | 174/587 [00:00<00:00, 478.74it/s, Materializing 
param=model.encoder.layers.4.self_attn.k_proj.weight]
Loading weights:  30%|██▉       | 174/587 [00:00<00:00, 478.74it/s, Materializing 
param=model.encoder.layers.4.self_attn.k_proj.weight]
Loading weights:  30%|██▉       | 175/587 [00:00<00:00, 478.74it/s, Materializing 
param=model.encoder.layers.4.self_attn.out_proj.bias]
Loading weights:  30%|██▉       | 175/587 [00:00<00:00, 478.74it/s, Materializing 
param=model.encoder.layers.4.self_attn.out_proj.bias]
Loading weights:  30%|██▉       | 176/587 [00:00<00:00, 478.74it/s, Materializing 
param=model.encoder.layers.4.self_attn.out_proj.weight]
Loading weights:  30%|██▉       | 176/587 [00:00<00:00, 478.74it/s, Materializing 
param=model.encoder.layers.4.self_attn.out_proj.weight]
Loading weights:  30%|███       | 177/587 [00:00<00:00, 478.74it/s, Materializing 
param=model.encoder.layers.4.self_attn.q_proj.bias]    
Loading weights:  30%|███       | 177/587 [00:00<00:00, 478.74it/s, Materializing 
param=model.encoder.layers.4.self_attn.q_proj.bias]
Loading weights:  30%|███       | 178/587 [00:00<00:00, 478.74it/s, Materializing 
param=model.encoder.layers.4.self_attn.q_proj.weight]
Loading weights:  30%|███       | 178/587 [00:00<00:00, 478.74it/s, Materializing 
param=model.encoder.layers.4.self_attn.q_proj.weight]
Loading weights:  30%|███       | 179/587 [00:00<00:00, 478.74it/s, Materializing 
param=model.encoder.layers.4.self_attn.v_proj.bias]  
Loading weights:  30%|███       | 179/587 [00:00<00:00, 478.74it/s, Materializing 
param=model.encoder.layers.4.self_attn.v_proj.bias]
Loading weights:  31%|███       | 180/587 [00:00<00:00, 478.74it/s, Materializing 
param=model.encoder.layers.4.self_attn.v_proj.weight]
Loading weights:  31%|███       | 180/587 [00:00<00:00, 478.74it/s, Materializing 
param=model.encoder.layers.4.self_attn.v_proj.weight]
Loading weights:  31%|███       | 181/587 [00:00<00:00, 478.74it/s, Materializing 
param=model.encoder.layers.4.self_attn_layer_norm.bias]
Loading weights:  31%|███       | 181/587 [00:00<00:00, 478.74it/s, Materializing 
param=model.encoder.layers.4.self_attn_layer_norm.bias]
Loading weights:  31%|███       | 182/587 [00:00<00:00, 478.74it/s, Materializing 
param=model.encoder.layers.4.self_attn_layer_norm.weight]
Loading weights:  31%|███       | 182/587 [00:00<00:00, 478.74it/s, Materializing 
param=model.encoder.layers.4.self_attn_layer_norm.weight]
Loading weights:  31%|███       | 183/587 [00:00<00:00, 478.74it/s, Materializing 
param=model.encoder.layers.5.fc1.bias]                   
Loading weights:  31%|███       | 183/587 [00:00<00:00, 478.74it/s, Materializing 
param=model.encoder.layers.5.fc1.bias]
Loading weights:  31%|███▏      | 184/587 [00:00<00:00, 478.74it/s, Materializing 
param=model.encoder.layers.5.fc1.weight]
Loading weights:  31%|███▏      | 184/587 [00:00<00:00, 478.74it/s, Materializing 
param=model.encoder.layers.5.fc1.weight]
Loading weights:  32%|███▏      | 185/587 [00:00<00:00, 478.74it/s, Materializing 
param=model.encoder.layers.5.fc2.bias]  
Loading weights:  32%|███▏      | 185/587 [00:00<00:00, 478.74it/s, Materializing 
param=model.encoder.layers.5.fc2.bias]
Loading weights:  32%|███▏      | 186/587 [00:00<00:00, 478.74it/s, Materializing 
param=model.encoder.layers.5.fc2.weight]
Loading weights:  32%|███▏      | 186/587 [00:00<00:00, 478.74it/s, Materializing 
param=model.encoder.layers.5.fc2.weight]
Loading weights:  32%|███▏      | 187/587 [00:00<00:00, 478.74it/s, Materializing 
param=model.encoder.layers.5.final_layer_norm.bias]
Loading weights:  32%|███▏      | 187/587 [00:00<00:00, 478.74it/s, Materializing 
param=model.encoder.layers.5.final_layer_norm.bias]
Loading weights:  32%|███▏      | 188/587 [00:00<00:00, 478.74it/s, Materializing 
param=model.encoder.layers.5.final_layer_norm.weight]
Loading weights:  32%|███▏      | 188/587 [00:00<00:00, 478.74it/s, Materializing 
param=model.encoder.layers.5.final_layer_norm.weight]
Loading weights:  32%|███▏      | 189/587 [00:00<00:00, 478.74it/s, Materializing 
param=model.encoder.layers.5.self_attn.k_proj.weight]
Loading weights:  32%|███▏      | 189/587 [00:00<00:00, 478.74it/s, Materializing 
param=model.encoder.layers.5.self_attn.k_proj.weight]
Loading weights:  32%|███▏      | 190/587 [00:00<00:00, 478.74it/s, Materializing 
param=model.encoder.layers.5.self_attn.out_proj.bias]
Loading weights:  32%|███▏      | 190/587 [00:00<00:00, 478.74it/s, Materializing 
param=model.encoder.layers.5.self_attn.out_proj.bias]
Loading weights:  33%|███▎      | 191/587 [00:00<00:00, 478.74it/s, Materializing 
param=model.encoder.layers.5.self_attn.out_proj.weight]
Loading weights:  33%|███▎      | 191/587 [00:00<00:00, 478.74it/s, Materializing 
param=model.encoder.layers.5.self_attn.out_proj.weight]
Loading weights:  33%|███▎      | 192/587 [00:00<00:00, 478.74it/s, Materializing 
param=model.encoder.layers.5.self_attn.q_proj.bias]    
Loading weights:  33%|███▎      | 192/587 [00:00<00:00, 478.74it/s, Materializing 
param=model.encoder.layers.5.self_attn.q_proj.bias]
Loading weights:  33%|███▎      | 193/587 [00:00<00:00, 478.74it/s, Materializing 
param=model.encoder.layers.5.self_attn.q_proj.weight]
Loading weights:  33%|███▎      | 193/587 [00:00<00:00, 478.74it/s, Materializing 
param=model.encoder.layers.5.self_attn.q_proj.weight]
Loading weights:  33%|███▎      | 194/587 [00:00<00:00, 478.74it/s, Materializing 
param=model.encoder.layers.5.self_attn.v_proj.bias]  
Loading weights:  33%|███▎      | 194/587 [00:00<00:00, 478.74it/s, Materializing 
param=model.encoder.layers.5.self_attn.v_proj.bias]
Loading weights:  33%|███▎      | 195/587 [00:00<00:00, 478.74it/s, Materializing 
param=model.encoder.layers.5.self_attn.v_proj.weight]
Loading weights:  33%|███▎      | 195/587 [00:00<00:00, 478.74it/s, Materializing 
param=model.encoder.layers.5.self_attn.v_proj.weight]
Loading weights:  33%|███▎      | 196/587 [00:00<00:00, 478.74it/s, Materializing 
param=model.encoder.layers.5.self_attn_layer_norm.bias]
Loading weights:  33%|███▎      | 196/587 [00:00<00:00, 478.74it/s, Materializing 
param=model.encoder.layers.5.self_attn_layer_norm.bias]
Loading weights:  34%|███▎      | 197/587 [00:00<00:00, 478.74it/s, Materializing 
param=model.encoder.layers.5.self_attn_layer_norm.weight]
Loading weights:  34%|███▎      | 197/587 [00:00<00:00, 478.74it/s, Materializing 
param=model.encoder.layers.5.self_attn_layer_norm.weight]
Loading weights:  34%|███▎      | 198/587 [00:00<00:00, 478.74it/s, Materializing 
param=model.encoder.layers.6.fc1.bias]                   
Loading weights:  34%|███▎      | 198/587 [00:00<00:00, 478.74it/s, Materializing 
param=model.encoder.layers.6.fc1.bias]
Loading weights:  34%|███▍      | 199/587 [00:00<00:00, 478.74it/s, Materializing 
param=model.encoder.layers.6.fc1.weight]
Loading weights:  34%|███▍      | 199/587 [00:00<00:00, 478.74it/s, Materializing 
param=model.encoder.layers.6.fc1.weight]
Loading weights:  34%|███▍      | 200/587 [00:00<00:00, 478.74it/s, Materializing 
param=model.encoder.layers.6.fc2.bias]  
Loading weights:  34%|███▍      | 200/587 [00:00<00:00, 478.74it/s, Materializing 
param=model.encoder.layers.6.fc2.bias]
Loading weights:  34%|███▍      | 201/587 [00:00<00:00, 478.74it/s, Materializing 
param=model.encoder.layers.6.fc2.weight]
Loading weights:  34%|███▍      | 201/587 [00:00<00:00, 478.74it/s, Materializing 
param=model.encoder.layers.6.fc2.weight]
Loading weights:  34%|███▍      | 202/587 [00:00<00:00, 478.74it/s, Materializing 
param=model.encoder.layers.6.final_layer_norm.bias]
Loading weights:  34%|███▍      | 202/587 [00:00<00:00, 478.74it/s, Materializing 
param=model.encoder.layers.6.final_layer_norm.bias]
Loading weights:  35%|███▍      | 203/587 [00:00<00:00, 478.74it/s, Materializing 
param=model.encoder.layers.6.final_layer_norm.weight]
Loading weights:  35%|███▍      | 203/587 [00:00<00:00, 478.74it/s, Materializing 
param=model.encoder.layers.6.final_layer_norm.weight]
Loading weights:  35%|███▍      | 204/587 [00:00<00:00, 478.74it/s, Materializing 
param=model.encoder.layers.6.self_attn.k_proj.weight]
Loading weights:  35%|███▍      | 204/587 [00:00<00:00, 478.74it/s, Materializing 
param=model.encoder.layers.6.self_attn.k_proj.weight]
Loading weights:  35%|███▍      | 205/587 [00:00<00:00, 478.74it/s, Materializing 
param=model.encoder.layers.6.self_attn.out_proj.bias]
Loading weights:  35%|███▍      | 205/587 [00:00<00:00, 478.74it/s, Materializing 
param=model.encoder.layers.6.self_attn.out_proj.bias]
Loading weights:  35%|███▌      | 206/587 [00:00<00:00, 478.74it/s, Materializing 
param=model.encoder.layers.6.self_attn.out_proj.weight]
Loading weights:  35%|███▌      | 206/587 [00:00<00:00, 478.74it/s, Materializing 
param=model.encoder.layers.6.self_attn.out_proj.weight]
Loading weights:  35%|███▌      | 207/587 [00:00<00:00, 478.74it/s, Materializing 
param=model.encoder.layers.6.self_attn.q_proj.bias]    
Loading weights:  35%|███▌      | 207/587 [00:00<00:00, 478.74it/s, Materializing 
param=model.encoder.layers.6.self_attn.q_proj.bias]
Loading weights:  35%|███▌      | 208/587 [00:00<00:00, 478.74it/s, Materializing 
param=model.encoder.layers.6.self_attn.q_proj.weight]
Loading weights:  35%|███▌      | 208/587 [00:00<00:00, 478.74it/s, Materializing 
param=model.encoder.layers.6.self_attn.q_proj.weight]
Loading weights:  36%|███▌      | 209/587 [00:00<00:00, 478.74it/s, Materializing 
param=model.encoder.layers.6.self_attn.v_proj.bias]  
Loading weights:  36%|███▌      | 209/587 [00:00<00:00, 478.74it/s, Materializing 
param=model.encoder.layers.6.self_attn.v_proj.bias]
Loading weights:  36%|███▌      | 210/587 [00:00<00:00, 478.74it/s, Materializing 
param=model.encoder.layers.6.self_attn.v_proj.weight]
Loading weights:  36%|███▌      | 210/587 [00:00<00:00, 478.74it/s, Materializing 
param=model.encoder.layers.6.self_attn.v_proj.weight]
Loading weights:  36%|███▌      | 211/587 [00:00<00:00, 1150.06it/s, Materializing 
param=model.encoder.layers.6.self_attn.v_proj.weight]
Loading weights:  36%|███▌      | 211/587 [00:00<00:00, 1150.06it/s, Materializing 
param=model.encoder.layers.6.self_attn_layer_norm.bias]
Loading weights:  36%|███▌      | 211/587 [00:00<00:00, 1150.06it/s, Materializing 
param=model.encoder.layers.6.self_attn_layer_norm.bias]
Loading weights:  36%|███▌      | 212/587 [00:00<00:00, 1150.06it/s, Materializing 
param=model.encoder.layers.6.self_attn_layer_norm.weight]
Loading weights:  36%|███▌      | 212/587 [00:00<00:00, 1150.06it/s, Materializing 
param=model.encoder.layers.6.self_attn_layer_norm.weight]
Loading weights:  36%|███▋      | 213/587 [00:00<00:00, 1150.06it/s, Materializing 
param=model.encoder.layers.7.fc1.bias]                   
Loading weights:  36%|███▋      | 213/587 [00:00<00:00, 1150.06it/s, Materializing 
param=model.encoder.layers.7.fc1.bias]
Loading weights:  36%|███▋      | 214/587 [00:00<00:00, 1150.06it/s, Materializing 
param=model.encoder.layers.7.fc1.weight]
Loading weights:  36%|███▋      | 214/587 [00:00<00:00, 1150.06it/s, Materializing 
param=model.encoder.layers.7.fc1.weight]
Loading weights:  37%|███▋      | 215/587 [00:00<00:00, 1150.06it/s, Materializing 
param=model.encoder.layers.7.fc2.bias]  
Loading weights:  37%|███▋      | 215/587 [00:00<00:00, 1150.06it/s, Materializing 
param=model.encoder.layers.7.fc2.bias]
Loading weights:  37%|███▋      | 216/587 [00:00<00:00, 1150.06it/s, Materializing 
param=model.encoder.layers.7.fc2.weight]
Loading weights:  37%|███▋      | 216/587 [00:00<00:00, 1150.06it/s, Materializing 
param=model.encoder.layers.7.fc2.weight]
Loading weights:  37%|███▋      | 217/587 [00:00<00:00, 1150.06it/s, Materializing 
param=model.encoder.layers.7.final_layer_norm.bias]
Loading weights:  37%|███▋      | 217/587 [00:00<00:00, 1150.06it/s, Materializing 
param=model.encoder.layers.7.final_layer_norm.bias]
Loading weights:  37%|███▋      | 218/587 [00:00<00:00, 1150.06it/s, Materializing 
param=model.encoder.layers.7.final_layer_norm.weight]
Loading weights:  37%|███▋      | 218/587 [00:00<00:00, 1150.06it/s, Materializing 
param=model.encoder.layers.7.final_layer_norm.weight]
Loading weights:  37%|███▋      | 219/587 [00:00<00:00, 1150.06it/s, Materializing 
param=model.encoder.layers.7.self_attn.k_proj.weight]
Loading weights:  37%|███▋      | 219/587 [00:00<00:00, 1150.06it/s, Materializing 
param=model.encoder.layers.7.self_attn.k_proj.weight]
Loading weights:  37%|███▋      | 220/587 [00:00<00:00, 1150.06it/s, Materializing 
param=model.encoder.layers.7.self_attn.out_proj.bias]
Loading weights:  37%|███▋      | 220/587 [00:00<00:00, 1150.06it/s, Materializing 
param=model.encoder.layers.7.self_attn.out_proj.bias]
Loading weights:  38%|███▊      | 221/587 [00:00<00:00, 1150.06it/s, Materializing 
param=model.encoder.layers.7.self_attn.out_proj.weight]
Loading weights:  38%|███▊      | 221/587 [00:00<00:00, 1150.06it/s, Materializing 
param=model.encoder.layers.7.self_attn.out_proj.weight]
Loading weights:  38%|███▊      | 222/587 [00:00<00:00, 1150.06it/s, Materializing 
param=model.encoder.layers.7.self_attn.q_proj.bias]    
Loading weights:  38%|███▊      | 222/587 [00:00<00:00, 1150.06it/s, Materializing 
param=model.encoder.layers.7.self_attn.q_proj.bias]
Loading weights:  38%|███▊      | 223/587 [00:00<00:00, 1150.06it/s, Materializing 
param=model.encoder.layers.7.self_attn.q_proj.weight]
Loading weights:  38%|███▊      | 223/587 [00:00<00:00, 1150.06it/s, Materializing 
param=model.encoder.layers.7.self_attn.q_proj.weight]
Loading weights:  38%|███▊      | 224/587 [00:00<00:00, 1150.06it/s, Materializing 
param=model.encoder.layers.7.self_attn.v_proj.bias]  
Loading weights:  38%|███▊      | 224/587 [00:00<00:00, 1150.06it/s, Materializing 
param=model.encoder.layers.7.self_attn.v_proj.bias]
Loading weights:  38%|███▊      | 225/587 [00:00<00:00, 1150.06it/s, Materializing 
param=model.encoder.layers.7.self_attn.v_proj.weight]
Loading weights:  38%|███▊      | 225/587 [00:00<00:00, 1150.06it/s, Materializing 
param=model.encoder.layers.7.self_attn.v_proj.weight]
Loading weights:  39%|███▊      | 226/587 [00:00<00:00, 1150.06it/s, Materializing 
param=model.encoder.layers.7.self_attn_layer_norm.bias]
Loading weights:  39%|███▊      | 226/587 [00:00<00:00, 1150.06it/s, Materializing 
param=model.encoder.layers.7.self_attn_layer_norm.bias]
Loading weights:  39%|███▊      | 227/587 [00:00<00:00, 1150.06it/s, Materializing 
param=model.encoder.layers.7.self_attn_layer_norm.weight]
Loading weights:  39%|███▊      | 227/587 [00:00<00:00, 1150.06it/s, Materializing 
param=model.encoder.layers.7.self_attn_layer_norm.weight]
Loading weights:  39%|███▉      | 228/587 [00:00<00:00, 1150.06it/s, Materializing 
param=model.encoder.layers.8.fc1.bias]                   
Loading weights:  39%|███▉      | 228/587 [00:00<00:00, 1150.06it/s, Materializing 
param=model.encoder.layers.8.fc1.bias]
Loading weights:  39%|███▉      | 229/587 [00:00<00:00, 1150.06it/s, Materializing 
param=model.encoder.layers.8.fc1.weight]
Loading weights:  39%|███▉      | 229/587 [00:00<00:00, 1150.06it/s, Materializing 
param=model.encoder.layers.8.fc1.weight]
Loading weights:  39%|███▉      | 230/587 [00:00<00:00, 1150.06it/s, Materializing 
param=model.encoder.layers.8.fc2.bias]  
Loading weights:  39%|███▉      | 230/587 [00:00<00:00, 1150.06it/s, Materializing 
param=model.encoder.layers.8.fc2.bias]
Loading weights:  39%|███▉      | 231/587 [00:00<00:00, 1150.06it/s, Materializing 
param=model.encoder.layers.8.fc2.weight]
Loading weights:  39%|███▉      | 231/587 [00:00<00:00, 1150.06it/s, Materializing 
param=model.encoder.layers.8.fc2.weight]
Loading weights:  40%|███▉      | 232/587 [00:00<00:00, 1150.06it/s, Materializing 
param=model.encoder.layers.8.final_layer_norm.bias]
Loading weights:  40%|███▉      | 232/587 [00:00<00:00, 1150.06it/s, Materializing 
param=model.encoder.layers.8.final_layer_norm.bias]
Loading weights:  40%|███▉      | 233/587 [00:00<00:00, 1150.06it/s, Materializing 
param=model.encoder.layers.8.final_layer_norm.weight]
Loading weights:  40%|███▉      | 233/587 [00:00<00:00, 1150.06it/s, Materializing 
param=model.encoder.layers.8.final_layer_norm.weight]
Loading weights:  40%|███▉      | 234/587 [00:00<00:00, 1150.06it/s, Materializing 
param=model.encoder.layers.8.self_attn.k_proj.weight]
Loading weights:  40%|███▉      | 234/587 [00:00<00:00, 1150.06it/s, Materializing 
param=model.encoder.layers.8.self_attn.k_proj.weight]
Loading weights:  40%|████      | 235/587 [00:00<00:00, 1150.06it/s, Materializing 
param=model.encoder.layers.8.self_attn.out_proj.bias]
Loading weights:  40%|████      | 235/587 [00:00<00:00, 1150.06it/s, Materializing 
param=model.encoder.layers.8.self_attn.out_proj.bias]
Loading weights:  40%|████      | 236/587 [00:00<00:00, 1150.06it/s, Materializing 
param=model.encoder.layers.8.self_attn.out_proj.weight]
Loading weights:  40%|████      | 236/587 [00:00<00:00, 1150.06it/s, Materializing 
param=model.encoder.layers.8.self_attn.out_proj.weight]
Loading weights:  40%|████      | 237/587 [00:00<00:00, 1150.06it/s, Materializing 
param=model.encoder.layers.8.self_attn.q_proj.bias]    
Loading weights:  40%|████      | 237/587 [00:00<00:00, 1150.06it/s, Materializing 
param=model.encoder.layers.8.self_attn.q_proj.bias]
Loading weights:  41%|████      | 238/587 [00:00<00:00, 1150.06it/s, Materializing 
param=model.encoder.layers.8.self_attn.q_proj.weight]
Loading weights:  41%|████      | 238/587 [00:00<00:00, 1150.06it/s, Materializing 
param=model.encoder.layers.8.self_attn.q_proj.weight]
Loading weights:  41%|████      | 239/587 [00:00<00:00, 1150.06it/s, Materializing 
param=model.encoder.layers.8.self_attn.v_proj.bias]  
Loading weights:  41%|████      | 239/587 [00:00<00:00, 1150.06it/s, Materializing 
param=model.encoder.layers.8.self_attn.v_proj.bias]
Loading weights:  41%|████      | 240/587 [00:00<00:00, 1150.06it/s, Materializing 
param=model.encoder.layers.8.self_attn.v_proj.weight]
Loading weights:  41%|████      | 240/587 [00:00<00:00, 1150.06it/s, Materializing 
param=model.encoder.layers.8.self_attn.v_proj.weight]
Loading weights:  41%|████      | 241/587 [00:00<00:00, 1150.06it/s, Materializing 
param=model.encoder.layers.8.self_attn_layer_norm.bias]
Loading weights:  41%|████      | 241/587 [00:00<00:00, 1150.06it/s, Materializing 
param=model.encoder.layers.8.self_attn_layer_norm.bias]
Loading weights:  41%|████      | 242/587 [00:00<00:00, 1150.06it/s, Materializing 
param=model.encoder.layers.8.self_attn_layer_norm.weight]
Loading weights:  41%|████      | 242/587 [00:00<00:00, 1150.06it/s, Materializing 
param=model.encoder.layers.8.self_attn_layer_norm.weight]
Loading weights:  41%|████▏     | 243/587 [00:00<00:00, 1150.06it/s, Materializing 
param=model.encoder.layers.9.fc1.bias]                   
Loading weights:  41%|████▏     | 243/587 [00:00<00:00, 1150.06it/s, Materializing 
param=model.encoder.layers.9.fc1.bias]
Loading weights:  42%|████▏     | 244/587 [00:00<00:00, 1150.06it/s, Materializing 
param=model.encoder.layers.9.fc1.weight]
Loading weights:  42%|████▏     | 244/587 [00:00<00:00, 1150.06it/s, Materializing 
param=model.encoder.layers.9.fc1.weight]
Loading weights:  42%|████▏     | 245/587 [00:00<00:00, 1150.06it/s, Materializing 
param=model.encoder.layers.9.fc2.bias]  
Loading weights:  42%|████▏     | 245/587 [00:00<00:00, 1150.06it/s, Materializing 
param=model.encoder.layers.9.fc2.bias]
Loading weights:  42%|████▏     | 246/587 [00:00<00:00, 1150.06it/s, Materializing 
param=model.encoder.layers.9.fc2.weight]
Loading weights:  42%|████▏     | 246/587 [00:00<00:00, 1150.06it/s, Materializing 
param=model.encoder.layers.9.fc2.weight]
Loading weights:  42%|████▏     | 247/587 [00:00<00:00, 1150.06it/s, Materializing 
param=model.encoder.layers.9.final_layer_norm.bias]
Loading weights:  42%|████▏     | 247/587 [00:00<00:00, 1150.06it/s, Materializing 
param=model.encoder.layers.9.final_layer_norm.bias]
Loading weights:  42%|████▏     | 248/587 [00:00<00:00, 1150.06it/s, Materializing 
param=model.encoder.layers.9.final_layer_norm.weight]
Loading weights:  42%|████▏     | 248/587 [00:00<00:00, 1150.06it/s, Materializing 
param=model.encoder.layers.9.final_layer_norm.weight]
Loading weights:  42%|████▏     | 249/587 [00:00<00:00, 1150.06it/s, Materializing 
param=model.encoder.layers.9.self_attn.k_proj.weight]
Loading weights:  42%|████▏     | 249/587 [00:00<00:00, 1150.06it/s, Materializing 
param=model.encoder.layers.9.self_attn.k_proj.weight]
Loading weights:  43%|████▎     | 250/587 [00:00<00:00, 1150.06it/s, Materializing 
param=model.encoder.layers.9.self_attn.out_proj.bias]
Loading weights:  43%|████▎     | 250/587 [00:00<00:00, 1150.06it/s, Materializing 
param=model.encoder.layers.9.self_attn.out_proj.bias]
Loading weights:  43%|████▎     | 251/587 [00:00<00:00, 1150.06it/s, Materializing 
param=model.encoder.layers.9.self_attn.out_proj.weight]
Loading weights:  43%|████▎     | 251/587 [00:00<00:00, 1150.06it/s, Materializing 
param=model.encoder.layers.9.self_attn.out_proj.weight]
Loading weights:  43%|████▎     | 252/587 [00:00<00:00, 1150.06it/s, Materializing 
param=model.encoder.layers.9.self_attn.q_proj.bias]    
Loading weights:  43%|████▎     | 252/587 [00:00<00:00, 1150.06it/s, Materializing 
param=model.encoder.layers.9.self_attn.q_proj.bias]
Loading weights:  43%|████▎     | 253/587 [00:00<00:00, 1150.06it/s, Materializing 
param=model.encoder.layers.9.self_attn.q_proj.weight]
Loading weights:  43%|████▎     | 253/587 [00:00<00:00, 1150.06it/s, Materializing 
param=model.encoder.layers.9.self_attn.q_proj.weight]
Loading weights:  43%|████▎     | 254/587 [00:00<00:00, 1150.06it/s, Materializing 
param=model.encoder.layers.9.self_attn.v_proj.bias]  
Loading weights:  43%|████▎     | 254/587 [00:00<00:00, 1150.06it/s, Materializing 
param=model.encoder.layers.9.self_attn.v_proj.bias]
Loading weights:  43%|████▎     | 255/587 [00:00<00:00, 1150.06it/s, Materializing 
param=model.encoder.layers.9.self_attn.v_proj.weight]
Loading weights:  43%|████▎     | 255/587 [00:00<00:00, 1150.06it/s, Materializing 
param=model.encoder.layers.9.self_attn.v_proj.weight]
Loading weights:  44%|████▎     | 256/587 [00:00<00:00, 1150.06it/s, Materializing 
param=model.encoder.layers.9.self_attn_layer_norm.bias]
Loading weights:  44%|████▎     | 256/587 [00:00<00:00, 1150.06it/s, Materializing 
param=model.encoder.layers.9.self_attn_layer_norm.bias]
Loading weights:  44%|████▍     | 257/587 [00:00<00:00, 1150.06it/s, Materializing 
param=model.encoder.layers.9.self_attn_layer_norm.weight]
Loading weights:  44%|████▍     | 257/587 [00:00<00:00, 1150.06it/s, Materializing 
param=model.encoder.layers.9.self_attn_layer_norm.weight]
Loading weights:  44%|████▍     | 258/587 [00:00<00:00, 1150.06it/s, Materializing 
param=model.encoder.layers.10.fc1.bias]                  
Loading weights:  44%|████▍     | 258/587 [00:00<00:00, 1150.06it/s, Materializing 
param=model.encoder.layers.10.fc1.bias]
Loading weights:  44%|████▍     | 259/587 [00:00<00:00, 1150.06it/s, Materializing 
param=model.encoder.layers.10.fc1.weight]
Loading weights:  44%|████▍     | 259/587 [00:00<00:00, 1150.06it/s, Materializing 
param=model.encoder.layers.10.fc1.weight]
Loading weights:  44%|████▍     | 260/587 [00:00<00:00, 1150.06it/s, Materializing 
param=model.encoder.layers.10.fc2.bias]  
Loading weights:  44%|████▍     | 260/587 [00:00<00:00, 1150.06it/s, Materializing 
param=model.encoder.layers.10.fc2.bias]
Loading weights:  44%|████▍     | 261/587 [00:00<00:00, 1150.06it/s, Materializing 
param=model.encoder.layers.10.fc2.weight]
Loading weights:  44%|████▍     | 261/587 [00:00<00:00, 1150.06it/s, Materializing 
param=model.encoder.layers.10.fc2.weight]
Loading weights:  45%|████▍     | 262/587 [00:00<00:00, 1150.06it/s, Materializing 
param=model.encoder.layers.10.final_layer_norm.bias]
Loading weights:  45%|████▍     | 262/587 [00:00<00:00, 1150.06it/s, Materializing 
param=model.encoder.layers.10.final_layer_norm.bias]
Loading weights:  45%|████▍     | 263/587 [00:00<00:00, 1150.06it/s, Materializing 
param=model.encoder.layers.10.final_layer_norm.weight]
Loading weights:  45%|████▍     | 263/587 [00:00<00:00, 1150.06it/s, Materializing 
param=model.encoder.layers.10.final_layer_norm.weight]
Loading weights:  45%|████▍     | 264/587 [00:00<00:00, 1150.06it/s, Materializing 
param=model.encoder.layers.10.self_attn.k_proj.weight]
Loading weights:  45%|████▍     | 264/587 [00:00<00:00, 1150.06it/s, Materializing 
param=model.encoder.layers.10.self_attn.k_proj.weight]
Loading weights:  45%|████▌     | 265/587 [00:00<00:00, 1150.06it/s, Materializing 
param=model.encoder.layers.10.self_attn.out_proj.bias]
Loading weights:  45%|████▌     | 265/587 [00:00<00:00, 1150.06it/s, Materializing 
param=model.encoder.layers.10.self_attn.out_proj.bias]
Loading weights:  45%|████▌     | 266/587 [00:00<00:00, 1150.06it/s, Materializing 
param=model.encoder.layers.10.self_attn.out_proj.weight]
Loading weights:  45%|████▌     | 266/587 [00:00<00:00, 1150.06it/s, Materializing 
param=model.encoder.layers.10.self_attn.out_proj.weight]
Loading weights:  45%|████▌     | 267/587 [00:00<00:00, 1150.06it/s, Materializing 
param=model.encoder.layers.10.self_attn.q_proj.bias]    
Loading weights:  45%|████▌     | 267/587 [00:00<00:00, 1150.06it/s, Materializing 
param=model.encoder.layers.10.self_attn.q_proj.bias]
Loading weights:  46%|████▌     | 268/587 [00:00<00:00, 1150.06it/s, Materializing 
param=model.encoder.layers.10.self_attn.q_proj.weight]
Loading weights:  46%|████▌     | 268/587 [00:00<00:00, 1150.06it/s, Materializing 
param=model.encoder.layers.10.self_attn.q_proj.weight]
Loading weights:  46%|████▌     | 269/587 [00:00<00:00, 1150.06it/s, Materializing 
param=model.encoder.layers.10.self_attn.v_proj.bias]  
Loading weights:  46%|████▌     | 269/587 [00:00<00:00, 1150.06it/s, Materializing 
param=model.encoder.layers.10.self_attn.v_proj.bias]
Loading weights:  46%|████▌     | 270/587 [00:00<00:00, 1150.06it/s, Materializing 
param=model.encoder.layers.10.self_attn.v_proj.weight]
Loading weights:  46%|████▌     | 270/587 [00:00<00:00, 1150.06it/s, Materializing 
param=model.encoder.layers.10.self_attn.v_proj.weight]
Loading weights:  46%|████▌     | 271/587 [00:00<00:00, 1150.06it/s, Materializing 
param=model.encoder.layers.10.self_attn_layer_norm.bias]
Loading weights:  46%|████▌     | 271/587 [00:00<00:00, 1150.06it/s, Materializing 
param=model.encoder.layers.10.self_attn_layer_norm.bias]
Loading weights:  46%|████▋     | 272/587 [00:00<00:00, 1150.06it/s, Materializing 
param=model.encoder.layers.10.self_attn_layer_norm.weight]
Loading weights:  46%|████▋     | 272/587 [00:00<00:00, 1150.06it/s, Materializing 
param=model.encoder.layers.10.self_attn_layer_norm.weight]
Loading weights:  47%|████▋     | 273/587 [00:00<00:00, 1150.06it/s, Materializing 
param=model.encoder.layers.11.fc1.bias]                   
Loading weights:  47%|████▋     | 273/587 [00:00<00:00, 1150.06it/s, Materializing 
param=model.encoder.layers.11.fc1.bias]
Loading weights:  47%|████▋     | 274/587 [00:00<00:00, 1150.06it/s, Materializing 
param=model.encoder.layers.11.fc1.weight]
Loading weights:  47%|████▋     | 274/587 [00:00<00:00, 1150.06it/s, Materializing 
param=model.encoder.layers.11.fc1.weight]
Loading weights:  47%|████▋     | 275/587 [00:00<00:00, 1150.06it/s, Materializing 
param=model.encoder.layers.11.fc2.bias]  
Loading weights:  47%|████▋     | 275/587 [00:00<00:00, 1150.06it/s, Materializing 
param=model.encoder.layers.11.fc2.bias]
Loading weights:  47%|████▋     | 276/587 [00:00<00:00, 1150.06it/s, Materializing 
param=model.encoder.layers.11.fc2.weight]
Loading weights:  47%|████▋     | 276/587 [00:00<00:00, 1150.06it/s, Materializing 
param=model.encoder.layers.11.fc2.weight]
Loading weights:  47%|████▋     | 277/587 [00:00<00:00, 1150.06it/s, Materializing 
param=model.encoder.layers.11.final_layer_norm.bias]
Loading weights:  47%|████▋     | 277/587 [00:00<00:00, 1150.06it/s, Materializing 
param=model.encoder.layers.11.final_layer_norm.bias]
Loading weights:  47%|████▋     | 278/587 [00:00<00:00, 1150.06it/s, Materializing 
param=model.encoder.layers.11.final_layer_norm.weight]
Loading weights:  47%|████▋     | 278/587 [00:00<00:00, 1150.06it/s, Materializing 
param=model.encoder.layers.11.final_layer_norm.weight]
Loading weights:  48%|████▊     | 279/587 [00:00<00:00, 1150.06it/s, Materializing 
param=model.encoder.layers.11.self_attn.k_proj.weight]
Loading weights:  48%|████▊     | 279/587 [00:00<00:00, 1150.06it/s, Materializing 
param=model.encoder.layers.11.self_attn.k_proj.weight]
Loading weights:  48%|████▊     | 280/587 [00:00<00:00, 1150.06it/s, Materializing 
param=model.encoder.layers.11.self_attn.out_proj.bias]
Loading weights:  48%|████▊     | 280/587 [00:00<00:00, 1150.06it/s, Materializing 
param=model.encoder.layers.11.self_attn.out_proj.bias]
Loading weights:  48%|████▊     | 281/587 [00:00<00:00, 1150.06it/s, Materializing 
param=model.encoder.layers.11.self_attn.out_proj.weight]
Loading weights:  48%|████▊     | 281/587 [00:00<00:00, 1150.06it/s, Materializing 
param=model.encoder.layers.11.self_attn.out_proj.weight]
Loading weights:  48%|████▊     | 282/587 [00:00<00:00, 1150.06it/s, Materializing 
param=model.encoder.layers.11.self_attn.q_proj.bias]    
Loading weights:  48%|████▊     | 282/587 [00:00<00:00, 1150.06it/s, Materializing 
param=model.encoder.layers.11.self_attn.q_proj.bias]
Loading weights:  48%|████▊     | 283/587 [00:00<00:00, 1150.06it/s, Materializing 
param=model.encoder.layers.11.self_attn.q_proj.weight]
Loading weights:  48%|████▊     | 283/587 [00:00<00:00, 1150.06it/s, Materializing 
param=model.encoder.layers.11.self_attn.q_proj.weight]
Loading weights:  48%|████▊     | 284/587 [00:00<00:00, 1150.06it/s, Materializing 
param=model.encoder.layers.11.self_attn.v_proj.bias]  
Loading weights:  48%|████▊     | 284/587 [00:00<00:00, 1150.06it/s, Materializing 
param=model.encoder.layers.11.self_attn.v_proj.bias]
Loading weights:  49%|████▊     | 285/587 [00:00<00:00, 1150.06it/s, Materializing 
param=model.encoder.layers.11.self_attn.v_proj.weight]
Loading weights:  49%|████▊     | 285/587 [00:00<00:00, 1150.06it/s, Materializing 
param=model.encoder.layers.11.self_attn.v_proj.weight]
Loading weights:  49%|████▊     | 286/587 [00:00<00:00, 1150.06it/s, Materializing 
param=model.encoder.layers.11.self_attn_layer_norm.bias]
Loading weights:  49%|████▊     | 286/587 [00:00<00:00, 1150.06it/s, Materializing 
param=model.encoder.layers.11.self_attn_layer_norm.bias]
Loading weights:  49%|████▉     | 287/587 [00:00<00:00, 1150.06it/s, Materializing 
param=model.encoder.layers.11.self_attn_layer_norm.weight]
Loading weights:  49%|████▉     | 287/587 [00:00<00:00, 1150.06it/s, Materializing 
param=model.encoder.layers.11.self_attn_layer_norm.weight]
Loading weights:  49%|████▉     | 288/587 [00:00<00:00, 1150.06it/s, Materializing 
param=model.encoder.layers.12.fc1.bias]                   
Loading weights:  49%|████▉     | 288/587 [00:00<00:00, 1150.06it/s, Materializing 
param=model.encoder.layers.12.fc1.bias]
Loading weights:  49%|████▉     | 289/587 [00:00<00:00, 1150.06it/s, Materializing 
param=model.encoder.layers.12.fc1.weight]
Loading weights:  49%|████▉     | 289/587 [00:00<00:00, 1150.06it/s, Materializing 
param=model.encoder.layers.12.fc1.weight]
Loading weights:  49%|████▉     | 290/587 [00:00<00:00, 1150.06it/s, Materializing 
param=model.encoder.layers.12.fc2.bias]  
Loading weights:  49%|████▉     | 290/587 [00:00<00:00, 1150.06it/s, Materializing 
param=model.encoder.layers.12.fc2.bias]
Loading weights:  50%|████▉     | 291/587 [00:00<00:00, 1150.06it/s, Materializing 
param=model.encoder.layers.12.fc2.weight]
Loading weights:  50%|████▉     | 291/587 [00:00<00:00, 1150.06it/s, Materializing 
param=model.encoder.layers.12.fc2.weight]
Loading weights:  50%|████▉     | 292/587 [00:00<00:00, 1150.06it/s, Materializing 
param=model.encoder.layers.12.final_layer_norm.bias]
Loading weights:  50%|████▉     | 292/587 [00:00<00:00, 1150.06it/s, Materializing 
param=model.encoder.layers.12.final_layer_norm.bias]
Loading weights:  50%|████▉     | 293/587 [00:00<00:00, 1150.06it/s, Materializing 
param=model.encoder.layers.12.final_layer_norm.weight]
Loading weights:  50%|████▉     | 293/587 [00:00<00:00, 1150.06it/s, Materializing 
param=model.encoder.layers.12.final_layer_norm.weight]
Loading weights:  50%|█████     | 294/587 [00:00<00:00, 1150.06it/s, Materializing 
param=model.encoder.layers.12.self_attn.k_proj.weight]
Loading weights:  50%|█████     | 294/587 [00:00<00:00, 1150.06it/s, Materializing 
param=model.encoder.layers.12.self_attn.k_proj.weight]
Loading weights:  50%|█████     | 295/587 [00:00<00:00, 1150.06it/s, Materializing 
param=model.encoder.layers.12.self_attn.out_proj.bias]
Loading weights:  50%|█████     | 295/587 [00:00<00:00, 1150.06it/s, Materializing 
param=model.encoder.layers.12.self_attn.out_proj.bias]
Loading weights:  50%|█████     | 296/587 [00:00<00:00, 1150.06it/s, Materializing 
param=model.encoder.layers.12.self_attn.out_proj.weight]
Loading weights:  50%|█████     | 296/587 [00:00<00:00, 1150.06it/s, Materializing 
param=model.encoder.layers.12.self_attn.out_proj.weight]
Loading weights:  51%|█████     | 297/587 [00:00<00:00, 1150.06it/s, Materializing 
param=model.encoder.layers.12.self_attn.q_proj.bias]    
Loading weights:  51%|█████     | 297/587 [00:00<00:00, 1150.06it/s, Materializing 
param=model.encoder.layers.12.self_attn.q_proj.bias]
Loading weights:  51%|█████     | 298/587 [00:00<00:00, 1150.06it/s, Materializing 
param=model.encoder.layers.12.self_attn.q_proj.weight]
Loading weights:  51%|█████     | 298/587 [00:00<00:00, 1150.06it/s, Materializing 
param=model.encoder.layers.12.self_attn.q_proj.weight]
Loading weights:  51%|█████     | 299/587 [00:00<00:00, 1150.06it/s, Materializing 
param=model.encoder.layers.12.self_attn.v_proj.bias]  
Loading weights:  51%|█████     | 299/587 [00:00<00:00, 1150.06it/s, Materializing 
param=model.encoder.layers.12.self_attn.v_proj.bias]
Loading weights:  51%|█████     | 300/587 [00:00<00:00, 1150.06it/s, Materializing 
param=model.encoder.layers.12.self_attn.v_proj.weight]
Loading weights:  51%|█████     | 300/587 [00:00<00:00, 1150.06it/s, Materializing 
param=model.encoder.layers.12.self_attn.v_proj.weight]
Loading weights:  51%|█████▏    | 301/587 [00:00<00:00, 1150.06it/s, Materializing 
param=model.encoder.layers.12.self_attn_layer_norm.bias]
Loading weights:  51%|█████▏    | 301/587 [00:00<00:00, 1150.06it/s, Materializing 
param=model.encoder.layers.12.self_attn_layer_norm.bias]
Loading weights:  51%|█████▏    | 302/587 [00:00<00:00, 1150.06it/s, Materializing 
param=model.encoder.layers.12.self_attn_layer_norm.weight]
Loading weights:  51%|█████▏    | 302/587 [00:00<00:00, 1150.06it/s, Materializing 
param=model.encoder.layers.12.self_attn_layer_norm.weight]
Loading weights:  52%|█████▏    | 303/587 [00:00<00:00, 1150.06it/s, Materializing 
param=model.encoder.layers.13.fc1.bias]                   
Loading weights:  52%|█████▏    | 303/587 [00:00<00:00, 1150.06it/s, Materializing 
param=model.encoder.layers.13.fc1.bias]
Loading weights:  52%|█████▏    | 304/587 [00:00<00:00, 1150.06it/s, Materializing 
param=model.encoder.layers.13.fc1.weight]
Loading weights:  52%|█████▏    | 304/587 [00:00<00:00, 1150.06it/s, Materializing 
param=model.encoder.layers.13.fc1.weight]
Loading weights:  52%|█████▏    | 305/587 [00:00<00:00, 1150.06it/s, Materializing 
param=model.encoder.layers.13.fc2.bias]  
Loading weights:  52%|█████▏    | 305/587 [00:00<00:00, 1150.06it/s, Materializing 
param=model.encoder.layers.13.fc2.bias]
Loading weights:  52%|█████▏    | 306/587 [00:00<00:00, 1150.06it/s, Materializing 
param=model.encoder.layers.13.fc2.weight]
Loading weights:  52%|█████▏    | 306/587 [00:00<00:00, 1150.06it/s, Materializing 
param=model.encoder.layers.13.fc2.weight]
Loading weights:  52%|█████▏    | 307/587 [00:00<00:00, 1150.06it/s, Materializing 
param=model.encoder.layers.13.final_layer_norm.bias]
Loading weights:  52%|█████▏    | 307/587 [00:00<00:00, 1150.06it/s, Materializing 
param=model.encoder.layers.13.final_layer_norm.bias]
Loading weights:  52%|█████▏    | 308/587 [00:00<00:00, 1150.06it/s, Materializing 
param=model.encoder.layers.13.final_layer_norm.weight]
Loading weights:  52%|█████▏    | 308/587 [00:00<00:00, 1150.06it/s, Materializing 
param=model.encoder.layers.13.final_layer_norm.weight]
Loading weights:  53%|█████▎    | 309/587 [00:00<00:00, 1150.06it/s, Materializing 
param=model.encoder.layers.13.self_attn.k_proj.weight]
Loading weights:  53%|█████▎    | 309/587 [00:00<00:00, 1150.06it/s, Materializing 
param=model.encoder.layers.13.self_attn.k_proj.weight]
Loading weights:  53%|█████▎    | 310/587 [00:00<00:00, 1150.06it/s, Materializing 
param=model.encoder.layers.13.self_attn.out_proj.bias]
Loading weights:  53%|█████▎    | 310/587 [00:00<00:00, 1150.06it/s, Materializing 
param=model.encoder.layers.13.self_attn.out_proj.bias]
Loading weights:  53%|█████▎    | 311/587 [00:00<00:00, 1150.06it/s, Materializing 
param=model.encoder.layers.13.self_attn.out_proj.weight]
Loading weights:  53%|█████▎    | 311/587 [00:00<00:00, 1150.06it/s, Materializing 
param=model.encoder.layers.13.self_attn.out_proj.weight]
Loading weights:  53%|█████▎    | 312/587 [00:00<00:00, 1150.06it/s, Materializing 
param=model.encoder.layers.13.self_attn.q_proj.bias]    
Loading weights:  53%|█████▎    | 312/587 [00:00<00:00, 1150.06it/s, Materializing 
param=model.encoder.layers.13.self_attn.q_proj.bias]
Loading weights:  53%|█████▎    | 313/587 [00:00<00:00, 1150.06it/s, Materializing 
param=model.encoder.layers.13.self_attn.q_proj.weight]
Loading weights:  53%|█████▎    | 313/587 [00:00<00:00, 1150.06it/s, Materializing 
param=model.encoder.layers.13.self_attn.q_proj.weight]
Loading weights:  53%|█████▎    | 314/587 [00:00<00:00, 1150.06it/s, Materializing 
param=model.encoder.layers.13.self_attn.v_proj.bias]  
Loading weights:  53%|█████▎    | 314/587 [00:00<00:00, 1150.06it/s, Materializing 
param=model.encoder.layers.13.self_attn.v_proj.bias]
Loading weights:  54%|█████▎    | 315/587 [00:00<00:00, 1150.06it/s, Materializing 
param=model.encoder.layers.13.self_attn.v_proj.weight]
Loading weights:  54%|█████▎    | 315/587 [00:00<00:00, 1150.06it/s, Materializing 
param=model.encoder.layers.13.self_attn.v_proj.weight]
Loading weights:  54%|█████▍    | 316/587 [00:00<00:00, 1150.06it/s, Materializing 
param=model.encoder.layers.13.self_attn_layer_norm.bias]
Loading weights:  54%|█████▍    | 316/587 [00:00<00:00, 1150.06it/s, Materializing 
param=model.encoder.layers.13.self_attn_layer_norm.bias]
Loading weights:  54%|█████▍    | 317/587 [00:00<00:00, 1150.06it/s, Materializing 
param=model.encoder.layers.13.self_attn_layer_norm.weight]
Loading weights:  54%|█████▍    | 317/587 [00:00<00:00, 1150.06it/s, Materializing 
param=model.encoder.layers.13.self_attn_layer_norm.weight]
Loading weights:  54%|█████▍    | 318/587 [00:00<00:00, 1150.06it/s, Materializing 
param=model.encoder.layers.14.fc1.bias]                   
Loading weights:  54%|█████▍    | 318/587 [00:00<00:00, 1150.06it/s, Materializing 
param=model.encoder.layers.14.fc1.bias]
Loading weights:  54%|█████▍    | 319/587 [00:00<00:00, 1150.06it/s, Materializing 
param=model.encoder.layers.14.fc1.weight]
Loading weights:  54%|█████▍    | 319/587 [00:00<00:00, 1150.06it/s, Materializing 
param=model.encoder.layers.14.fc1.weight]
Loading weights:  55%|█████▍    | 320/587 [00:00<00:00, 1150.06it/s, Materializing 
param=model.encoder.layers.14.fc2.bias]  
Loading weights:  55%|█████▍    | 320/587 [00:00<00:00, 1150.06it/s, Materializing 
param=model.encoder.layers.14.fc2.bias]
Loading weights:  55%|█████▍    | 321/587 [00:00<00:00, 1150.06it/s, Materializing 
param=model.encoder.layers.14.fc2.weight]
Loading weights:  55%|█████▍    | 321/587 [00:00<00:00, 1150.06it/s, Materializing 
param=model.encoder.layers.14.fc2.weight]
Loading weights:  55%|█████▍    | 322/587 [00:00<00:00, 1150.06it/s, Materializing 
param=model.encoder.layers.14.final_layer_norm.bias]
Loading weights:  55%|█████▍    | 322/587 [00:00<00:00, 1150.06it/s, Materializing 
param=model.encoder.layers.14.final_layer_norm.bias]
Loading weights:  55%|█████▌    | 323/587 [00:00<00:00, 1150.06it/s, Materializing 
param=model.encoder.layers.14.final_layer_norm.weight]
Loading weights:  55%|█████▌    | 323/587 [00:00<00:00, 1150.06it/s, Materializing 
param=model.encoder.layers.14.final_layer_norm.weight]
Loading weights:  55%|█████▌    | 324/587 [00:00<00:00, 1150.06it/s, Materializing 
param=model.encoder.layers.14.self_attn.k_proj.weight]
Loading weights:  55%|█████▌    | 324/587 [00:00<00:00, 1150.06it/s, Materializing 
param=model.encoder.layers.14.self_attn.k_proj.weight]
Loading weights:  55%|█████▌    | 325/587 [00:00<00:00, 1150.06it/s, Materializing 
param=model.encoder.layers.14.self_attn.out_proj.bias]
Loading weights:  55%|█████▌    | 325/587 [00:00<00:00, 1150.06it/s, Materializing 
param=model.encoder.layers.14.self_attn.out_proj.bias]
Loading weights:  56%|█████▌    | 326/587 [00:00<00:00, 1125.50it/s, Materializing 
param=model.encoder.layers.14.self_attn.out_proj.bias]
Loading weights:  56%|█████▌    | 326/587 [00:00<00:00, 1125.50it/s, Materializing 
param=model.encoder.layers.14.self_attn.out_proj.weight]
Loading weights:  56%|█████▌    | 326/587 [00:00<00:00, 1125.50it/s, Materializing 
param=model.encoder.layers.14.self_attn.out_proj.weight]
Loading weights:  56%|█████▌    | 327/587 [00:00<00:00, 1125.50it/s, Materializing 
param=model.encoder.layers.14.self_attn.q_proj.bias]    
Loading weights:  56%|█████▌    | 327/587 [00:00<00:00, 1125.50it/s, Materializing 
param=model.encoder.layers.14.self_attn.q_proj.bias]
Loading weights:  56%|█████▌    | 328/587 [00:00<00:00, 1125.50it/s, Materializing 
param=model.encoder.layers.14.self_attn.q_proj.weight]
Loading weights:  56%|█████▌    | 328/587 [00:00<00:00, 1125.50it/s, Materializing 
param=model.encoder.layers.14.self_attn.q_proj.weight]
Loading weights:  56%|█████▌    | 329/587 [00:00<00:00, 1125.50it/s, Materializing 
param=model.encoder.layers.14.self_attn.v_proj.bias]  
Loading weights:  56%|█████▌    | 329/587 [00:00<00:00, 1125.50it/s, Materializing 
param=model.encoder.layers.14.self_attn.v_proj.bias]
Loading weights:  56%|█████▌    | 330/587 [00:00<00:00, 1125.50it/s, Materializing 
param=model.encoder.layers.14.self_attn.v_proj.weight]
Loading weights:  56%|█████▌    | 330/587 [00:00<00:00, 1125.50it/s, Materializing 
param=model.encoder.layers.14.self_attn.v_proj.weight]
Loading weights:  56%|█████▋    | 331/587 [00:00<00:00, 1125.50it/s, Materializing 
param=model.encoder.layers.14.self_attn_layer_norm.bias]
Loading weights:  56%|█████▋    | 331/587 [00:00<00:00, 1125.50it/s, Materializing 
param=model.encoder.layers.14.self_attn_layer_norm.bias]
Loading weights:  57%|█████▋    | 332/587 [00:00<00:00, 1125.50it/s, Materializing 
param=model.encoder.layers.14.self_attn_layer_norm.weight]
Loading weights:  57%|█████▋    | 332/587 [00:00<00:00, 1125.50it/s, Materializing 
param=model.encoder.layers.14.self_attn_layer_norm.weight]
Loading weights:  57%|█████▋    | 333/587 [00:00<00:00, 1125.50it/s, Materializing 
param=model.encoder.layers.15.fc1.bias]                   
Loading weights:  57%|█████▋    | 333/587 [00:00<00:00, 1125.50it/s, Materializing 
param=model.encoder.layers.15.fc1.bias]
Loading weights:  57%|█████▋    | 334/587 [00:00<00:00, 1125.50it/s, Materializing 
param=model.encoder.layers.15.fc1.weight]
Loading weights:  57%|█████▋    | 334/587 [00:00<00:00, 1125.50it/s, Materializing 
param=model.encoder.layers.15.fc1.weight]
Loading weights:  57%|█████▋    | 335/587 [00:00<00:00, 1125.50it/s, Materializing 
param=model.encoder.layers.15.fc2.bias]  
Loading weights:  57%|█████▋    | 335/587 [00:00<00:00, 1125.50it/s, Materializing 
param=model.encoder.layers.15.fc2.bias]
Loading weights:  57%|█████▋    | 336/587 [00:00<00:00, 1125.50it/s, Materializing 
param=model.encoder.layers.15.fc2.weight]
Loading weights:  57%|█████▋    | 336/587 [00:00<00:00, 1125.50it/s, Materializing 
param=model.encoder.layers.15.fc2.weight]
Loading weights:  57%|█████▋    | 337/587 [00:00<00:00, 1125.50it/s, Materializing 
param=model.encoder.layers.15.final_layer_norm.bias]
Loading weights:  57%|█████▋    | 337/587 [00:00<00:00, 1125.50it/s, Materializing 
param=model.encoder.layers.15.final_layer_norm.bias]
Loading weights:  58%|█████▊    | 338/587 [00:00<00:00, 1125.50it/s, Materializing 
param=model.encoder.layers.15.final_layer_norm.weight]
Loading weights:  58%|█████▊    | 338/587 [00:00<00:00, 1125.50it/s, Materializing 
param=model.encoder.layers.15.final_layer_norm.weight]
Loading weights:  58%|█████▊    | 339/587 [00:00<00:00, 1125.50it/s, Materializing 
param=model.encoder.layers.15.self_attn.k_proj.weight]
Loading weights:  58%|█████▊    | 339/587 [00:00<00:00, 1125.50it/s, Materializing 
param=model.encoder.layers.15.self_attn.k_proj.weight]
Loading weights:  58%|█████▊    | 340/587 [00:00<00:00, 1125.50it/s, Materializing 
param=model.encoder.layers.15.self_attn.out_proj.bias]
Loading weights:  58%|█████▊    | 340/587 [00:00<00:00, 1125.50it/s, Materializing 
param=model.encoder.layers.15.self_attn.out_proj.bias]
Loading weights:  58%|█████▊    | 341/587 [00:00<00:00, 1125.50it/s, Materializing 
param=model.encoder.layers.15.self_attn.out_proj.weight]
Loading weights:  58%|█████▊    | 341/587 [00:00<00:00, 1125.50it/s, Materializing 
param=model.encoder.layers.15.self_attn.out_proj.weight]
Loading weights:  58%|█████▊    | 342/587 [00:00<00:00, 1125.50it/s, Materializing 
param=model.encoder.layers.15.self_attn.q_proj.bias]    
Loading weights:  58%|█████▊    | 342/587 [00:00<00:00, 1125.50it/s, Materializing 
param=model.encoder.layers.15.self_attn.q_proj.bias]
Loading weights:  58%|█████▊    | 343/587 [00:00<00:00, 1125.50it/s, Materializing 
param=model.encoder.layers.15.self_attn.q_proj.weight]
Loading weights:  58%|█████▊    | 343/587 [00:00<00:00, 1125.50it/s, Materializing 
param=model.encoder.layers.15.self_attn.q_proj.weight]
Loading weights:  59%|█████▊    | 344/587 [00:00<00:00, 1125.50it/s, Materializing 
param=model.encoder.layers.15.self_attn.v_proj.bias]  
Loading weights:  59%|█████▊    | 344/587 [00:00<00:00, 1125.50it/s, Materializing 
param=model.encoder.layers.15.self_attn.v_proj.bias]
Loading weights:  59%|█████▉    | 345/587 [00:00<00:00, 1125.50it/s, Materializing 
param=model.encoder.layers.15.self_attn.v_proj.weight]
Loading weights:  59%|█████▉    | 345/587 [00:00<00:00, 1125.50it/s, Materializing 
param=model.encoder.layers.15.self_attn.v_proj.weight]
Loading weights:  59%|█████▉    | 346/587 [00:00<00:00, 1125.50it/s, Materializing 
param=model.encoder.layers.15.self_attn_layer_norm.bias]
Loading weights:  59%|█████▉    | 346/587 [00:00<00:00, 1125.50it/s, Materializing 
param=model.encoder.layers.15.self_attn_layer_norm.bias]
Loading weights:  59%|█████▉    | 347/587 [00:00<00:00, 1125.50it/s, Materializing 
param=model.encoder.layers.15.self_attn_layer_norm.weight]
Loading weights:  59%|█████▉    | 347/587 [00:00<00:00, 1125.50it/s, Materializing 
param=model.encoder.layers.15.self_attn_layer_norm.weight]
Loading weights:  59%|█████▉    | 348/587 [00:00<00:00, 1125.50it/s, Materializing 
param=model.encoder.layers.16.fc1.bias]                   
Loading weights:  59%|█████▉    | 348/587 [00:00<00:00, 1125.50it/s, Materializing 
param=model.encoder.layers.16.fc1.bias]
Loading weights:  59%|█████▉    | 349/587 [00:00<00:00, 1125.50it/s, Materializing 
param=model.encoder.layers.16.fc1.weight]
Loading weights:  59%|█████▉    | 349/587 [00:00<00:00, 1125.50it/s, Materializing 
param=model.encoder.layers.16.fc1.weight]
Loading weights:  60%|█████▉    | 350/587 [00:00<00:00, 1125.50it/s, Materializing 
param=model.encoder.layers.16.fc2.bias]  
Loading weights:  60%|█████▉    | 350/587 [00:00<00:00, 1125.50it/s, Materializing 
param=model.encoder.layers.16.fc2.bias]
Loading weights:  60%|█████▉    | 351/587 [00:00<00:00, 1125.50it/s, Materializing 
param=model.encoder.layers.16.fc2.weight]
Loading weights:  60%|█████▉    | 351/587 [00:00<00:00, 1125.50it/s, Materializing 
param=model.encoder.layers.16.fc2.weight]
Loading weights:  60%|█████▉    | 352/587 [00:00<00:00, 1125.50it/s, Materializing 
param=model.encoder.layers.16.final_layer_norm.bias]
Loading weights:  60%|█████▉    | 352/587 [00:00<00:00, 1125.50it/s, Materializing 
param=model.encoder.layers.16.final_layer_norm.bias]
Loading weights:  60%|██████    | 353/587 [00:00<00:00, 1125.50it/s, Materializing 
param=model.encoder.layers.16.final_layer_norm.weight]
Loading weights:  60%|██████    | 353/587 [00:00<00:00, 1125.50it/s, Materializing 
param=model.encoder.layers.16.final_layer_norm.weight]
Loading weights:  60%|██████    | 354/587 [00:00<00:00, 1125.50it/s, Materializing 
param=model.encoder.layers.16.self_attn.k_proj.weight]
Loading weights:  60%|██████    | 354/587 [00:00<00:00, 1125.50it/s, Materializing 
param=model.encoder.layers.16.self_attn.k_proj.weight]
Loading weights:  60%|██████    | 355/587 [00:00<00:00, 1125.50it/s, Materializing 
param=model.encoder.layers.16.self_attn.out_proj.bias]
Loading weights:  60%|██████    | 355/587 [00:00<00:00, 1125.50it/s, Materializing 
param=model.encoder.layers.16.self_attn.out_proj.bias]
Loading weights:  61%|██████    | 356/587 [00:00<00:00, 1125.50it/s, Materializing 
param=model.encoder.layers.16.self_attn.out_proj.weight]
Loading weights:  61%|██████    | 356/587 [00:00<00:00, 1125.50it/s, Materializing 
param=model.encoder.layers.16.self_attn.out_proj.weight]
Loading weights:  61%|██████    | 357/587 [00:00<00:00, 1125.50it/s, Materializing 
param=model.encoder.layers.16.self_attn.q_proj.bias]    
Loading weights:  61%|██████    | 357/587 [00:00<00:00, 1125.50it/s, Materializing 
param=model.encoder.layers.16.self_attn.q_proj.bias]
Loading weights:  61%|██████    | 358/587 [00:00<00:00, 1125.50it/s, Materializing 
param=model.encoder.layers.16.self_attn.q_proj.weight]
Loading weights:  61%|██████    | 358/587 [00:00<00:00, 1125.50it/s, Materializing 
param=model.encoder.layers.16.self_attn.q_proj.weight]
Loading weights:  61%|██████    | 359/587 [00:00<00:00, 1125.50it/s, Materializing 
param=model.encoder.layers.16.self_attn.v_proj.bias]  
Loading weights:  61%|██████    | 359/587 [00:00<00:00, 1125.50it/s, Materializing 
param=model.encoder.layers.16.self_attn.v_proj.bias]
Loading weights:  61%|██████▏   | 360/587 [00:00<00:00, 1125.50it/s, Materializing 
param=model.encoder.layers.16.self_attn.v_proj.weight]
Loading weights:  61%|██████▏   | 360/587 [00:00<00:00, 1125.50it/s, Materializing 
param=model.encoder.layers.16.self_attn.v_proj.weight]
Loading weights:  61%|██████▏   | 361/587 [00:00<00:00, 1125.50it/s, Materializing 
param=model.encoder.layers.16.self_attn_layer_norm.bias]
Loading weights:  61%|██████▏   | 361/587 [00:00<00:00, 1125.50it/s, Materializing 
param=model.encoder.layers.16.self_attn_layer_norm.bias]
Loading weights:  62%|██████▏   | 362/587 [00:00<00:00, 1125.50it/s, Materializing 
param=model.encoder.layers.16.self_attn_layer_norm.weight]
Loading weights:  62%|██████▏   | 362/587 [00:00<00:00, 1125.50it/s, Materializing 
param=model.encoder.layers.16.self_attn_layer_norm.weight]
Loading weights:  62%|██████▏   | 363/587 [00:00<00:00, 1125.50it/s, Materializing 
param=model.encoder.layers.17.fc1.bias]                   
Loading weights:  62%|██████▏   | 363/587 [00:00<00:00, 1125.50it/s, Materializing 
param=model.encoder.layers.17.fc1.bias]
Loading weights:  62%|██████▏   | 364/587 [00:00<00:00, 1125.50it/s, Materializing 
param=model.encoder.layers.17.fc1.weight]
Loading weights:  62%|██████▏   | 364/587 [00:00<00:00, 1125.50it/s, Materializing 
param=model.encoder.layers.17.fc1.weight]
Loading weights:  62%|██████▏   | 365/587 [00:00<00:00, 1125.50it/s, Materializing 
param=model.encoder.layers.17.fc2.bias]  
Loading weights:  62%|██████▏   | 365/587 [00:00<00:00, 1125.50it/s, Materializing 
param=model.encoder.layers.17.fc2.bias]
Loading weights:  62%|██████▏   | 366/587 [00:00<00:00, 1125.50it/s, Materializing 
param=model.encoder.layers.17.fc2.weight]
Loading weights:  62%|██████▏   | 366/587 [00:00<00:00, 1125.50it/s, Materializing 
param=model.encoder.layers.17.fc2.weight]
Loading weights:  63%|██████▎   | 367/587 [00:00<00:00, 1125.50it/s, Materializing 
param=model.encoder.layers.17.final_layer_norm.bias]
Loading weights:  63%|██████▎   | 367/587 [00:00<00:00, 1125.50it/s, Materializing 
param=model.encoder.layers.17.final_layer_norm.bias]
Loading weights:  63%|██████▎   | 368/587 [00:00<00:00, 1125.50it/s, Materializing 
param=model.encoder.layers.17.final_layer_norm.weight]
Loading weights:  63%|██████▎   | 368/587 [00:00<00:00, 1125.50it/s, Materializing 
param=model.encoder.layers.17.final_layer_norm.weight]
Loading weights:  63%|██████▎   | 369/587 [00:00<00:00, 1125.50it/s, Materializing 
param=model.encoder.layers.17.self_attn.k_proj.weight]
Loading weights:  63%|██████▎   | 369/587 [00:00<00:00, 1125.50it/s, Materializing 
param=model.encoder.layers.17.self_attn.k_proj.weight]
Loading weights:  63%|██████▎   | 370/587 [00:00<00:00, 1125.50it/s, Materializing 
param=model.encoder.layers.17.self_attn.out_proj.bias]
Loading weights:  63%|██████▎   | 370/587 [00:00<00:00, 1125.50it/s, Materializing 
param=model.encoder.layers.17.self_attn.out_proj.bias]
Loading weights:  63%|██████▎   | 371/587 [00:00<00:00, 1125.50it/s, Materializing 
param=model.encoder.layers.17.self_attn.out_proj.weight]
Loading weights:  63%|██████▎   | 371/587 [00:00<00:00, 1125.50it/s, Materializing 
param=model.encoder.layers.17.self_attn.out_proj.weight]
Loading weights:  63%|██████▎   | 372/587 [00:00<00:00, 1125.50it/s, Materializing 
param=model.encoder.layers.17.self_attn.q_proj.bias]    
Loading weights:  63%|██████▎   | 372/587 [00:00<00:00, 1125.50it/s, Materializing 
param=model.encoder.layers.17.self_attn.q_proj.bias]
Loading weights:  64%|██████▎   | 373/587 [00:00<00:00, 1125.50it/s, Materializing 
param=model.encoder.layers.17.self_attn.q_proj.weight]
Loading weights:  64%|██████▎   | 373/587 [00:00<00:00, 1125.50it/s, Materializing 
param=model.encoder.layers.17.self_attn.q_proj.weight]
Loading weights:  64%|██████▎   | 374/587 [00:00<00:00, 1125.50it/s, Materializing 
param=model.encoder.layers.17.self_attn.v_proj.bias]  
Loading weights:  64%|██████▎   | 374/587 [00:00<00:00, 1125.50it/s, Materializing 
param=model.encoder.layers.17.self_attn.v_proj.bias]
Loading weights:  64%|██████▍   | 375/587 [00:00<00:00, 1125.50it/s, Materializing 
param=model.encoder.layers.17.self_attn.v_proj.weight]
Loading weights:  64%|██████▍   | 375/587 [00:00<00:00, 1125.50it/s, Materializing 
param=model.encoder.layers.17.self_attn.v_proj.weight]
Loading weights:  64%|██████▍   | 376/587 [00:00<00:00, 1125.50it/s, Materializing 
param=model.encoder.layers.17.self_attn_layer_norm.bias]
Loading weights:  64%|██████▍   | 376/587 [00:00<00:00, 1125.50it/s, Materializing 
param=model.encoder.layers.17.self_attn_layer_norm.bias]
Loading weights:  64%|██████▍   | 377/587 [00:00<00:00, 1125.50it/s, Materializing 
param=model.encoder.layers.17.self_attn_layer_norm.weight]
Loading weights:  64%|██████▍   | 377/587 [00:00<00:00, 1125.50it/s, Materializing 
param=model.encoder.layers.17.self_attn_layer_norm.weight]
Loading weights:  64%|██████▍   | 378/587 [00:00<00:00, 1125.50it/s, Materializing 
param=model.encoder.layers.18.fc1.bias]                   
Loading weights:  64%|██████▍   | 378/587 [00:00<00:00, 1125.50it/s, Materializing 
param=model.encoder.layers.18.fc1.bias]
Loading weights:  65%|██████▍   | 379/587 [00:00<00:00, 1125.50it/s, Materializing 
param=model.encoder.layers.18.fc1.weight]
Loading weights:  65%|██████▍   | 379/587 [00:00<00:00, 1125.50it/s, Materializing 
param=model.encoder.layers.18.fc1.weight]
Loading weights:  65%|██████▍   | 380/587 [00:00<00:00, 1125.50it/s, Materializing 
param=model.encoder.layers.18.fc2.bias]  
Loading weights:  65%|██████▍   | 380/587 [00:00<00:00, 1125.50it/s, Materializing 
param=model.encoder.layers.18.fc2.bias]
Loading weights:  65%|██████▍   | 381/587 [00:00<00:00, 1125.50it/s, Materializing 
param=model.encoder.layers.18.fc2.weight]
Loading weights:  65%|██████▍   | 381/587 [00:00<00:00, 1125.50it/s, Materializing 
param=model.encoder.layers.18.fc2.weight]
Loading weights:  65%|██████▌   | 382/587 [00:00<00:00, 1125.50it/s, Materializing 
param=model.encoder.layers.18.final_layer_norm.bias]
Loading weights:  65%|██████▌   | 382/587 [00:00<00:00, 1125.50it/s, Materializing 
param=model.encoder.layers.18.final_layer_norm.bias]
Loading weights:  65%|██████▌   | 383/587 [00:00<00:00, 1125.50it/s, Materializing 
param=model.encoder.layers.18.final_layer_norm.weight]
Loading weights:  65%|██████▌   | 383/587 [00:00<00:00, 1125.50it/s, Materializing 
param=model.encoder.layers.18.final_layer_norm.weight]
Loading weights:  65%|██████▌   | 384/587 [00:00<00:00, 1125.50it/s, Materializing 
param=model.encoder.layers.18.self_attn.k_proj.weight]
Loading weights:  65%|██████▌   | 384/587 [00:00<00:00, 1125.50it/s, Materializing 
param=model.encoder.layers.18.self_attn.k_proj.weight]
Loading weights:  66%|██████▌   | 385/587 [00:00<00:00, 1125.50it/s, Materializing 
param=model.encoder.layers.18.self_attn.out_proj.bias]
Loading weights:  66%|██████▌   | 385/587 [00:00<00:00, 1125.50it/s, Materializing 
param=model.encoder.layers.18.self_attn.out_proj.bias]
Loading weights:  66%|██████▌   | 386/587 [00:00<00:00, 1125.50it/s, Materializing 
param=model.encoder.layers.18.self_attn.out_proj.weight]
Loading weights:  66%|██████▌   | 386/587 [00:00<00:00, 1125.50it/s, Materializing 
param=model.encoder.layers.18.self_attn.out_proj.weight]
Loading weights:  66%|██████▌   | 387/587 [00:00<00:00, 1125.50it/s, Materializing 
param=model.encoder.layers.18.self_attn.q_proj.bias]    
Loading weights:  66%|██████▌   | 387/587 [00:00<00:00, 1125.50it/s, Materializing 
param=model.encoder.layers.18.self_attn.q_proj.bias]
Loading weights:  66%|██████▌   | 388/587 [00:00<00:00, 1125.50it/s, Materializing 
param=model.encoder.layers.18.self_attn.q_proj.weight]
Loading weights:  66%|██████▌   | 388/587 [00:00<00:00, 1125.50it/s, Materializing 
param=model.encoder.layers.18.self_attn.q_proj.weight]
Loading weights:  66%|██████▋   | 389/587 [00:00<00:00, 1125.50it/s, Materializing 
param=model.encoder.layers.18.self_attn.v_proj.bias]  
Loading weights:  66%|██████▋   | 389/587 [00:00<00:00, 1125.50it/s, Materializing 
param=model.encoder.layers.18.self_attn.v_proj.bias]
Loading weights:  66%|██████▋   | 390/587 [00:00<00:00, 1125.50it/s, Materializing 
param=model.encoder.layers.18.self_attn.v_proj.weight]
Loading weights:  66%|██████▋   | 390/587 [00:00<00:00, 1125.50it/s, Materializing 
param=model.encoder.layers.18.self_attn.v_proj.weight]
Loading weights:  67%|██████▋   | 391/587 [00:00<00:00, 1125.50it/s, Materializing 
param=model.encoder.layers.18.self_attn_layer_norm.bias]
Loading weights:  67%|██████▋   | 391/587 [00:00<00:00, 1125.50it/s, Materializing 
param=model.encoder.layers.18.self_attn_layer_norm.bias]
Loading weights:  67%|██████▋   | 392/587 [00:00<00:00, 1125.50it/s, Materializing 
param=model.encoder.layers.18.self_attn_layer_norm.weight]
Loading weights:  67%|██████▋   | 392/587 [00:00<00:00, 1125.50it/s, Materializing 
param=model.encoder.layers.18.self_attn_layer_norm.weight]
Loading weights:  67%|██████▋   | 393/587 [00:00<00:00, 1125.50it/s, Materializing 
param=model.encoder.layers.19.fc1.bias]                   
Loading weights:  67%|██████▋   | 393/587 [00:00<00:00, 1125.50it/s, Materializing 
param=model.encoder.layers.19.fc1.bias]
Loading weights:  67%|██████▋   | 394/587 [00:00<00:00, 1125.50it/s, Materializing 
param=model.encoder.layers.19.fc1.weight]
Loading weights:  67%|██████▋   | 394/587 [00:00<00:00, 1125.50it/s, Materializing 
param=model.encoder.layers.19.fc1.weight]
Loading weights:  67%|██████▋   | 395/587 [00:00<00:00, 1125.50it/s, Materializing 
param=model.encoder.layers.19.fc2.bias]  
Loading weights:  67%|██████▋   | 395/587 [00:00<00:00, 1125.50it/s, Materializing 
param=model.encoder.layers.19.fc2.bias]
Loading weights:  67%|██████▋   | 396/587 [00:00<00:00, 1125.50it/s, Materializing 
param=model.encoder.layers.19.fc2.weight]
Loading weights:  67%|██████▋   | 396/587 [00:00<00:00, 1125.50it/s, Materializing 
param=model.encoder.layers.19.fc2.weight]
Loading weights:  68%|██████▊   | 397/587 [00:00<00:00, 1125.50it/s, Materializing 
param=model.encoder.layers.19.final_layer_norm.bias]
Loading weights:  68%|██████▊   | 397/587 [00:00<00:00, 1125.50it/s, Materializing 
param=model.encoder.layers.19.final_layer_norm.bias]
Loading weights:  68%|██████▊   | 398/587 [00:00<00:00, 1125.50it/s, Materializing 
param=model.encoder.layers.19.final_layer_norm.weight]
Loading weights:  68%|██████▊   | 398/587 [00:00<00:00, 1125.50it/s, Materializing 
param=model.encoder.layers.19.final_layer_norm.weight]
Loading weights:  68%|██████▊   | 399/587 [00:00<00:00, 1125.50it/s, Materializing 
param=model.encoder.layers.19.self_attn.k_proj.weight]
Loading weights:  68%|██████▊   | 399/587 [00:00<00:00, 1125.50it/s, Materializing 
param=model.encoder.layers.19.self_attn.k_proj.weight]
Loading weights:  68%|██████▊   | 400/587 [00:00<00:00, 1125.50it/s, Materializing 
param=model.encoder.layers.19.self_attn.out_proj.bias]
Loading weights:  68%|██████▊   | 400/587 [00:00<00:00, 1125.50it/s, Materializing 
param=model.encoder.layers.19.self_attn.out_proj.bias]
Loading weights:  68%|██████▊   | 401/587 [00:00<00:00, 1125.50it/s, Materializing 
param=model.encoder.layers.19.self_attn.out_proj.weight]
Loading weights:  68%|██████▊   | 401/587 [00:00<00:00, 1125.50it/s, Materializing 
param=model.encoder.layers.19.self_attn.out_proj.weight]
Loading weights:  68%|██████▊   | 402/587 [00:00<00:00, 1125.50it/s, Materializing 
param=model.encoder.layers.19.self_attn.q_proj.bias]    
Loading weights:  68%|██████▊   | 402/587 [00:00<00:00, 1125.50it/s, Materializing 
param=model.encoder.layers.19.self_attn.q_proj.bias]
Loading weights:  69%|██████▊   | 403/587 [00:00<00:00, 1125.50it/s, Materializing 
param=model.encoder.layers.19.self_attn.q_proj.weight]
Loading weights:  69%|██████▊   | 403/587 [00:00<00:00, 1125.50it/s, Materializing 
param=model.encoder.layers.19.self_attn.q_proj.weight]
Loading weights:  69%|██████▉   | 404/587 [00:00<00:00, 1125.50it/s, Materializing 
param=model.encoder.layers.19.self_attn.v_proj.bias]  
Loading weights:  69%|██████▉   | 404/587 [00:00<00:00, 1125.50it/s, Materializing 
param=model.encoder.layers.19.self_attn.v_proj.bias]
Loading weights:  69%|██████▉   | 405/587 [00:00<00:00, 1125.50it/s, Materializing 
param=model.encoder.layers.19.self_attn.v_proj.weight]
Loading weights:  69%|██████▉   | 405/587 [00:00<00:00, 1125.50it/s, Materializing 
param=model.encoder.layers.19.self_attn.v_proj.weight]
Loading weights:  69%|██████▉   | 406/587 [00:00<00:00, 1125.50it/s, Materializing 
param=model.encoder.layers.19.self_attn_layer_norm.bias]
Loading weights:  69%|██████▉   | 406/587 [00:00<00:00, 1125.50it/s, Materializing 
param=model.encoder.layers.19.self_attn_layer_norm.bias]
Loading weights:  69%|██████▉   | 407/587 [00:00<00:00, 1125.50it/s, Materializing 
param=model.encoder.layers.19.self_attn_layer_norm.weight]
Loading weights:  69%|██████▉   | 407/587 [00:00<00:00, 1125.50it/s, Materializing 
param=model.encoder.layers.19.self_attn_layer_norm.weight]
Loading weights:  70%|██████▉   | 408/587 [00:00<00:00, 1125.50it/s, Materializing 
param=model.encoder.layers.20.fc1.bias]                   
Loading weights:  70%|██████▉   | 408/587 [00:00<00:00, 1125.50it/s, Materializing 
param=model.encoder.layers.20.fc1.bias]
Loading weights:  70%|██████▉   | 409/587 [00:00<00:00, 1125.50it/s, Materializing 
param=model.encoder.layers.20.fc1.weight]
Loading weights:  70%|██████▉   | 409/587 [00:00<00:00, 1125.50it/s, Materializing 
param=model.encoder.layers.20.fc1.weight]
Loading weights:  70%|██████▉   | 410/587 [00:00<00:00, 1125.50it/s, Materializing 
param=model.encoder.layers.20.fc2.bias]  
Loading weights:  70%|██████▉   | 410/587 [00:00<00:00, 1125.50it/s, Materializing 
param=model.encoder.layers.20.fc2.bias]
Loading weights:  70%|███████   | 411/587 [00:00<00:00, 1125.50it/s, Materializing 
param=model.encoder.layers.20.fc2.weight]
Loading weights:  70%|███████   | 411/587 [00:00<00:00, 1125.50it/s, Materializing 
param=model.encoder.layers.20.fc2.weight]
Loading weights:  70%|███████   | 412/587 [00:00<00:00, 1125.50it/s, Materializing 
param=model.encoder.layers.20.final_layer_norm.bias]
Loading weights:  70%|███████   | 412/587 [00:00<00:00, 1125.50it/s, Materializing 
param=model.encoder.layers.20.final_layer_norm.bias]
Loading weights:  70%|███████   | 413/587 [00:00<00:00, 1125.50it/s, Materializing 
param=model.encoder.layers.20.final_layer_norm.weight]
Loading weights:  70%|███████   | 413/587 [00:00<00:00, 1125.50it/s, Materializing 
param=model.encoder.layers.20.final_layer_norm.weight]
Loading weights:  71%|███████   | 414/587 [00:00<00:00, 1125.50it/s, Materializing 
param=model.encoder.layers.20.self_attn.k_proj.weight]
Loading weights:  71%|███████   | 414/587 [00:00<00:00, 1125.50it/s, Materializing 
param=model.encoder.layers.20.self_attn.k_proj.weight]
Loading weights:  71%|███████   | 415/587 [00:00<00:00, 1125.50it/s, Materializing 
param=model.encoder.layers.20.self_attn.out_proj.bias]
Loading weights:  71%|███████   | 415/587 [00:00<00:00, 1125.50it/s, Materializing 
param=model.encoder.layers.20.self_attn.out_proj.bias]
Loading weights:  71%|███████   | 416/587 [00:00<00:00, 1125.50it/s, Materializing 
param=model.encoder.layers.20.self_attn.out_proj.weight]
Loading weights:  71%|███████   | 416/587 [00:00<00:00, 1125.50it/s, Materializing 
param=model.encoder.layers.20.self_attn.out_proj.weight]
Loading weights:  71%|███████   | 417/587 [00:00<00:00, 1125.50it/s, Materializing 
param=model.encoder.layers.20.self_attn.q_proj.bias]    
Loading weights:  71%|███████   | 417/587 [00:00<00:00, 1125.50it/s, Materializing 
param=model.encoder.layers.20.self_attn.q_proj.bias]
Loading weights:  71%|███████   | 418/587 [00:00<00:00, 1125.50it/s, Materializing 
param=model.encoder.layers.20.self_attn.q_proj.weight]
Loading weights:  71%|███████   | 418/587 [00:00<00:00, 1125.50it/s, Materializing 
param=model.encoder.layers.20.self_attn.q_proj.weight]
Loading weights:  71%|███████▏  | 419/587 [00:00<00:00, 1125.50it/s, Materializing 
param=model.encoder.layers.20.self_attn.v_proj.bias]  
Loading weights:  71%|███████▏  | 419/587 [00:00<00:00, 1125.50it/s, Materializing 
param=model.encoder.layers.20.self_attn.v_proj.bias]
Loading weights:  72%|███████▏  | 420/587 [00:00<00:00, 1125.50it/s, Materializing 
param=model.encoder.layers.20.self_attn.v_proj.weight]
Loading weights:  72%|███████▏  | 420/587 [00:00<00:00, 1125.50it/s, Materializing 
param=model.encoder.layers.20.self_attn.v_proj.weight]
Loading weights:  72%|███████▏  | 421/587 [00:00<00:00, 1125.50it/s, Materializing 
param=model.encoder.layers.20.self_attn_layer_norm.bias]
Loading weights:  72%|███████▏  | 421/587 [00:00<00:00, 1125.50it/s, Materializing 
param=model.encoder.layers.20.self_attn_layer_norm.bias]
Loading weights:  72%|███████▏  | 422/587 [00:00<00:00, 1125.50it/s, Materializing 
param=model.encoder.layers.20.self_attn_layer_norm.weight]
Loading weights:  72%|███████▏  | 422/587 [00:00<00:00, 1125.50it/s, Materializing 
param=model.encoder.layers.20.self_attn_layer_norm.weight]
Loading weights:  72%|███████▏  | 423/587 [00:00<00:00, 1125.50it/s, Materializing 
param=model.encoder.layers.21.fc1.bias]                   
Loading weights:  72%|███████▏  | 423/587 [00:00<00:00, 1125.50it/s, Materializing 
param=model.encoder.layers.21.fc1.bias]
Loading weights:  72%|███████▏  | 424/587 [00:00<00:00, 1125.50it/s, Materializing 
param=model.encoder.layers.21.fc1.weight]
Loading weights:  72%|███████▏  | 424/587 [00:00<00:00, 1125.50it/s, Materializing 
param=model.encoder.layers.21.fc1.weight]
Loading weights:  72%|███████▏  | 425/587 [00:00<00:00, 1125.50it/s, Materializing 
param=model.encoder.layers.21.fc2.bias]  
Loading weights:  72%|███████▏  | 425/587 [00:00<00:00, 1125.50it/s, Materializing 
param=model.encoder.layers.21.fc2.bias]
Loading weights:  73%|███████▎  | 426/587 [00:00<00:00, 1125.50it/s, Materializing 
param=model.encoder.layers.21.fc2.weight]
Loading weights:  73%|███████▎  | 426/587 [00:00<00:00, 1125.50it/s, Materializing 
param=model.encoder.layers.21.fc2.weight]
Loading weights:  73%|███████▎  | 427/587 [00:00<00:00, 1125.50it/s, Materializing 
param=model.encoder.layers.21.final_layer_norm.bias]
Loading weights:  73%|███████▎  | 427/587 [00:00<00:00, 1125.50it/s, Materializing 
param=model.encoder.layers.21.final_layer_norm.bias]
Loading weights:  73%|███████▎  | 428/587 [00:00<00:00, 1125.50it/s, Materializing 
param=model.encoder.layers.21.final_layer_norm.weight]
Loading weights:  73%|███████▎  | 428/587 [00:00<00:00, 1125.50it/s, Materializing 
param=model.encoder.layers.21.final_layer_norm.weight]
Loading weights:  73%|███████▎  | 429/587 [00:00<00:00, 1125.50it/s, Materializing 
param=model.encoder.layers.21.self_attn.k_proj.weight]
Loading weights:  73%|███████▎  | 429/587 [00:00<00:00, 1125.50it/s, Materializing 
param=model.encoder.layers.21.self_attn.k_proj.weight]
Loading weights:  73%|███████▎  | 430/587 [00:00<00:00, 1125.50it/s, Materializing 
param=model.encoder.layers.21.self_attn.out_proj.bias]
Loading weights:  73%|███████▎  | 430/587 [00:00<00:00, 1125.50it/s, Materializing 
param=model.encoder.layers.21.self_attn.out_proj.bias]
Loading weights:  73%|███████▎  | 431/587 [00:00<00:00, 1125.50it/s, Materializing 
param=model.encoder.layers.21.self_attn.out_proj.weight]
Loading weights:  73%|███████▎  | 431/587 [00:00<00:00, 1125.50it/s, Materializing 
param=model.encoder.layers.21.self_attn.out_proj.weight]
Loading weights:  74%|███████▎  | 432/587 [00:00<00:00, 1125.50it/s, Materializing 
param=model.encoder.layers.21.self_attn.q_proj.bias]    
Loading weights:  74%|███████▎  | 432/587 [00:00<00:00, 1125.50it/s, Materializing 
param=model.encoder.layers.21.self_attn.q_proj.bias]
Loading weights:  74%|███████▍  | 433/587 [00:00<00:00, 1125.50it/s, Materializing 
param=model.encoder.layers.21.self_attn.q_proj.weight]
Loading weights:  74%|███████▍  | 433/587 [00:00<00:00, 1125.50it/s, Materializing 
param=model.encoder.layers.21.self_attn.q_proj.weight]
Loading weights:  74%|███████▍  | 434/587 [00:00<00:00, 1125.50it/s, Materializing 
param=model.encoder.layers.21.self_attn.v_proj.bias]  
Loading weights:  74%|███████▍  | 434/587 [00:00<00:00, 1125.50it/s, Materializing 
param=model.encoder.layers.21.self_attn.v_proj.bias]
Loading weights:  74%|███████▍  | 435/587 [00:00<00:00, 1125.50it/s, Materializing 
param=model.encoder.layers.21.self_attn.v_proj.weight]
Loading weights:  74%|███████▍  | 435/587 [00:00<00:00, 1125.50it/s, Materializing 
param=model.encoder.layers.21.self_attn.v_proj.weight]
Loading weights:  74%|███████▍  | 436/587 [00:00<00:00, 1125.50it/s, Materializing 
param=model.encoder.layers.21.self_attn_layer_norm.bias]
Loading weights:  74%|███████▍  | 436/587 [00:00<00:00, 1125.50it/s, Materializing 
param=model.encoder.layers.21.self_attn_layer_norm.bias]
Loading weights:  74%|███████▍  | 437/587 [00:00<00:00, 1125.50it/s, Materializing 
param=model.encoder.layers.21.self_attn_layer_norm.weight]
Loading weights:  74%|███████▍  | 437/587 [00:00<00:00, 1125.50it/s, Materializing 
param=model.encoder.layers.21.self_attn_layer_norm.weight]
Loading weights:  75%|███████▍  | 438/587 [00:00<00:00, 1125.50it/s, Materializing 
param=model.encoder.layers.22.fc1.bias]                   
Loading weights:  75%|███████▍  | 438/587 [00:00<00:00, 1125.50it/s, Materializing 
param=model.encoder.layers.22.fc1.bias]
Loading weights:  75%|███████▍  | 439/587 [00:00<00:00, 781.91it/s, Materializing 
param=model.encoder.layers.22.fc1.bias] 
Loading weights:  75%|███████▍  | 439/587 [00:00<00:00, 781.91it/s, Materializing 
param=model.encoder.layers.22.fc1.weight]
Loading weights:  75%|███████▍  | 439/587 [00:00<00:00, 781.91it/s, Materializing 
param=model.encoder.layers.22.fc1.weight]
Loading weights:  75%|███████▍  | 440/587 [00:00<00:00, 781.91it/s, Materializing 
param=model.encoder.layers.22.fc2.bias]  
Loading weights:  75%|███████▍  | 440/587 [00:00<00:00, 781.91it/s, Materializing 
param=model.encoder.layers.22.fc2.bias]
Loading weights:  75%|███████▌  | 441/587 [00:00<00:00, 781.91it/s, Materializing 
param=model.encoder.layers.22.fc2.weight]
Loading weights:  75%|███████▌  | 441/587 [00:00<00:00, 781.91it/s, Materializing 
param=model.encoder.layers.22.fc2.weight]
Loading weights:  75%|███████▌  | 442/587 [00:00<00:00, 781.91it/s, Materializing 
param=model.encoder.layers.22.final_layer_norm.bias]
Loading weights:  75%|███████▌  | 442/587 [00:00<00:00, 781.91it/s, Materializing 
param=model.encoder.layers.22.final_layer_norm.bias]
Loading weights:  75%|███████▌  | 443/587 [00:00<00:00, 781.91it/s, Materializing 
param=model.encoder.layers.22.final_layer_norm.weight]
Loading weights:  75%|███████▌  | 443/587 [00:00<00:00, 781.91it/s, Materializing 
param=model.encoder.layers.22.final_layer_norm.weight]
Loading weights:  76%|███████▌  | 444/587 [00:00<00:00, 781.91it/s, Materializing 
param=model.encoder.layers.22.self_attn.k_proj.weight]
Loading weights:  76%|███████▌  | 444/587 [00:00<00:00, 781.91it/s, Materializing 
param=model.encoder.layers.22.self_attn.k_proj.weight]
Loading weights:  76%|███████▌  | 445/587 [00:00<00:00, 781.91it/s, Materializing 
param=model.encoder.layers.22.self_attn.out_proj.bias]
Loading weights:  76%|███████▌  | 445/587 [00:00<00:00, 781.91it/s, Materializing 
param=model.encoder.layers.22.self_attn.out_proj.bias]
Loading weights:  76%|███████▌  | 446/587 [00:00<00:00, 781.91it/s, Materializing 
param=model.encoder.layers.22.self_attn.out_proj.weight]
Loading weights:  76%|███████▌  | 446/587 [00:00<00:00, 781.91it/s, Materializing 
param=model.encoder.layers.22.self_attn.out_proj.weight]
Loading weights:  76%|███████▌  | 447/587 [00:00<00:00, 781.91it/s, Materializing 
param=model.encoder.layers.22.self_attn.q_proj.bias]    
Loading weights:  76%|███████▌  | 447/587 [00:00<00:00, 781.91it/s, Materializing 
param=model.encoder.layers.22.self_attn.q_proj.bias]
Loading weights:  76%|███████▋  | 448/587 [00:00<00:00, 781.91it/s, Materializing 
param=model.encoder.layers.22.self_attn.q_proj.weight]
Loading weights:  76%|███████▋  | 448/587 [00:00<00:00, 781.91it/s, Materializing 
param=model.encoder.layers.22.self_attn.q_proj.weight]
Loading weights:  76%|███████▋  | 449/587 [00:00<00:00, 781.91it/s, Materializing 
param=model.encoder.layers.22.self_attn.v_proj.bias]  
Loading weights:  76%|███████▋  | 449/587 [00:00<00:00, 781.91it/s, Materializing 
param=model.encoder.layers.22.self_attn.v_proj.bias]
Loading weights:  77%|███████▋  | 450/587 [00:00<00:00, 781.91it/s, Materializing 
param=model.encoder.layers.22.self_attn.v_proj.weight]
Loading weights:  77%|███████▋  | 450/587 [00:00<00:00, 781.91it/s, Materializing 
param=model.encoder.layers.22.self_attn.v_proj.weight]
Loading weights:  77%|███████▋  | 451/587 [00:00<00:00, 781.91it/s, Materializing 
param=model.encoder.layers.22.self_attn_layer_norm.bias]
Loading weights:  77%|███████▋  | 451/587 [00:00<00:00, 781.91it/s, Materializing 
param=model.encoder.layers.22.self_attn_layer_norm.bias]
Loading weights:  77%|███████▋  | 452/587 [00:00<00:00, 781.91it/s, Materializing 
param=model.encoder.layers.22.self_attn_layer_norm.weight]
Loading weights:  77%|███████▋  | 452/587 [00:00<00:00, 781.91it/s, Materializing 
param=model.encoder.layers.22.self_attn_layer_norm.weight]
Loading weights:  77%|███████▋  | 453/587 [00:00<00:00, 781.91it/s, Materializing 
param=model.encoder.layers.23.fc1.bias]                   
Loading weights:  77%|███████▋  | 453/587 [00:00<00:00, 781.91it/s, Materializing 
param=model.encoder.layers.23.fc1.bias]
Loading weights:  77%|███████▋  | 454/587 [00:00<00:00, 781.91it/s, Materializing 
param=model.encoder.layers.23.fc1.weight]
Loading weights:  77%|███████▋  | 454/587 [00:00<00:00, 781.91it/s, Materializing 
param=model.encoder.layers.23.fc1.weight]
Loading weights:  78%|███████▊  | 455/587 [00:00<00:00, 781.91it/s, Materializing 
param=model.encoder.layers.23.fc2.bias]  
Loading weights:  78%|███████▊  | 455/587 [00:00<00:00, 781.91it/s, Materializing 
param=model.encoder.layers.23.fc2.bias]
Loading weights:  78%|███████▊  | 456/587 [00:00<00:00, 781.91it/s, Materializing 
param=model.encoder.layers.23.fc2.weight]
Loading weights:  78%|███████▊  | 456/587 [00:00<00:00, 781.91it/s, Materializing 
param=model.encoder.layers.23.fc2.weight]
Loading weights:  78%|███████▊  | 457/587 [00:00<00:00, 781.91it/s, Materializing 
param=model.encoder.layers.23.final_layer_norm.bias]
Loading weights:  78%|███████▊  | 457/587 [00:00<00:00, 781.91it/s, Materializing 
param=model.encoder.layers.23.final_layer_norm.bias]
Loading weights:  78%|███████▊  | 458/587 [00:00<00:00, 781.91it/s, Materializing 
param=model.encoder.layers.23.final_layer_norm.weight]
Loading weights:  78%|███████▊  | 458/587 [00:00<00:00, 781.91it/s, Materializing 
param=model.encoder.layers.23.final_layer_norm.weight]
Loading weights:  78%|███████▊  | 459/587 [00:00<00:00, 781.91it/s, Materializing 
param=model.encoder.layers.23.self_attn.k_proj.weight]
Loading weights:  78%|███████▊  | 459/587 [00:00<00:00, 781.91it/s, Materializing 
param=model.encoder.layers.23.self_attn.k_proj.weight]
Loading weights:  78%|███████▊  | 460/587 [00:00<00:00, 781.91it/s, Materializing 
param=model.encoder.layers.23.self_attn.out_proj.bias]
Loading weights:  78%|███████▊  | 460/587 [00:00<00:00, 781.91it/s, Materializing 
param=model.encoder.layers.23.self_attn.out_proj.bias]
Loading weights:  79%|███████▊  | 461/587 [00:00<00:00, 781.91it/s, Materializing 
param=model.encoder.layers.23.self_attn.out_proj.weight]
Loading weights:  79%|███████▊  | 461/587 [00:00<00:00, 781.91it/s, Materializing 
param=model.encoder.layers.23.self_attn.out_proj.weight]
Loading weights:  79%|███████▊  | 462/587 [00:00<00:00, 781.91it/s, Materializing 
param=model.encoder.layers.23.self_attn.q_proj.bias]    
Loading weights:  79%|███████▊  | 462/587 [00:00<00:00, 781.91it/s, Materializing 
param=model.encoder.layers.23.self_attn.q_proj.bias]
Loading weights:  79%|███████▉  | 463/587 [00:00<00:00, 781.91it/s, Materializing 
param=model.encoder.layers.23.self_attn.q_proj.weight]
Loading weights:  79%|███████▉  | 463/587 [00:00<00:00, 781.91it/s, Materializing 
param=model.encoder.layers.23.self_attn.q_proj.weight]
Loading weights:  79%|███████▉  | 464/587 [00:00<00:00, 781.91it/s, Materializing 
param=model.encoder.layers.23.self_attn.v_proj.bias]  
Loading weights:  79%|███████▉  | 464/587 [00:00<00:00, 781.91it/s, Materializing 
param=model.encoder.layers.23.self_attn.v_proj.bias]
Loading weights:  79%|███████▉  | 465/587 [00:00<00:00, 781.91it/s, Materializing 
param=model.encoder.layers.23.self_attn.v_proj.weight]
Loading weights:  79%|███████▉  | 465/587 [00:00<00:00, 781.91it/s, Materializing 
param=model.encoder.layers.23.self_attn.v_proj.weight]
Loading weights:  79%|███████▉  | 466/587 [00:00<00:00, 781.91it/s, Materializing 
param=model.encoder.layers.23.self_attn_layer_norm.bias]
Loading weights:  79%|███████▉  | 466/587 [00:00<00:00, 781.91it/s, Materializing 
param=model.encoder.layers.23.self_attn_layer_norm.bias]
Loading weights:  80%|███████▉  | 467/587 [00:00<00:00, 781.91it/s, Materializing 
param=model.encoder.layers.23.self_attn_layer_norm.weight]
Loading weights:  80%|███████▉  | 467/587 [00:00<00:00, 781.91it/s, Materializing 
param=model.encoder.layers.23.self_attn_layer_norm.weight]
Loading weights:  80%|███████▉  | 468/587 [00:00<00:00, 781.91it/s, Materializing 
param=model.encoder.layers.24.fc1.bias]                   
Loading weights:  80%|███████▉  | 468/587 [00:00<00:00, 781.91it/s, Materializing 
param=model.encoder.layers.24.fc1.bias]
Loading weights:  80%|███████▉  | 469/587 [00:00<00:00, 781.91it/s, Materializing 
param=model.encoder.layers.24.fc1.weight]
Loading weights:  80%|███████▉  | 469/587 [00:00<00:00, 781.91it/s, Materializing 
param=model.encoder.layers.24.fc1.weight]
Loading weights:  80%|████████  | 470/587 [00:00<00:00, 781.91it/s, Materializing 
param=model.encoder.layers.24.fc2.bias]  
Loading weights:  80%|████████  | 470/587 [00:00<00:00, 781.91it/s, Materializing 
param=model.encoder.layers.24.fc2.bias]
Loading weights:  80%|████████  | 471/587 [00:00<00:00, 781.91it/s, Materializing 
param=model.encoder.layers.24.fc2.weight]
Loading weights:  80%|████████  | 471/587 [00:00<00:00, 781.91it/s, Materializing 
param=model.encoder.layers.24.fc2.weight]
Loading weights:  80%|████████  | 472/587 [00:00<00:00, 781.91it/s, Materializing 
param=model.encoder.layers.24.final_layer_norm.bias]
Loading weights:  80%|████████  | 472/587 [00:00<00:00, 781.91it/s, Materializing 
param=model.encoder.layers.24.final_layer_norm.bias]
Loading weights:  81%|████████  | 473/587 [00:00<00:00, 781.91it/s, Materializing 
param=model.encoder.layers.24.final_layer_norm.weight]
Loading weights:  81%|████████  | 473/587 [00:00<00:00, 781.91it/s, Materializing 
param=model.encoder.layers.24.final_layer_norm.weight]
Loading weights:  81%|████████  | 474/587 [00:00<00:00, 781.91it/s, Materializing 
param=model.encoder.layers.24.self_attn.k_proj.weight]
Loading weights:  81%|████████  | 474/587 [00:00<00:00, 781.91it/s, Materializing 
param=model.encoder.layers.24.self_attn.k_proj.weight]
Loading weights:  81%|████████  | 475/587 [00:00<00:00, 781.91it/s, Materializing 
param=model.encoder.layers.24.self_attn.out_proj.bias]
Loading weights:  81%|████████  | 475/587 [00:00<00:00, 781.91it/s, Materializing 
param=model.encoder.layers.24.self_attn.out_proj.bias]
Loading weights:  81%|████████  | 476/587 [00:00<00:00, 781.91it/s, Materializing 
param=model.encoder.layers.24.self_attn.out_proj.weight]
Loading weights:  81%|████████  | 476/587 [00:00<00:00, 781.91it/s, Materializing 
param=model.encoder.layers.24.self_attn.out_proj.weight]
Loading weights:  81%|████████▏ | 477/587 [00:00<00:00, 781.91it/s, Materializing 
param=model.encoder.layers.24.self_attn.q_proj.bias]    
Loading weights:  81%|████████▏ | 477/587 [00:00<00:00, 781.91it/s, Materializing 
param=model.encoder.layers.24.self_attn.q_proj.bias]
Loading weights:  81%|████████▏ | 478/587 [00:00<00:00, 781.91it/s, Materializing 
param=model.encoder.layers.24.self_attn.q_proj.weight]
Loading weights:  81%|████████▏ | 478/587 [00:00<00:00, 781.91it/s, Materializing 
param=model.encoder.layers.24.self_attn.q_proj.weight]
Loading weights:  82%|████████▏ | 479/587 [00:00<00:00, 781.91it/s, Materializing 
param=model.encoder.layers.24.self_attn.v_proj.bias]  
Loading weights:  82%|████████▏ | 479/587 [00:00<00:00, 781.91it/s, Materializing 
param=model.encoder.layers.24.self_attn.v_proj.bias]
Loading weights:  82%|████████▏ | 480/587 [00:00<00:00, 781.91it/s, Materializing 
param=model.encoder.layers.24.self_attn.v_proj.weight]
Loading weights:  82%|████████▏ | 480/587 [00:00<00:00, 781.91it/s, Materializing 
param=model.encoder.layers.24.self_attn.v_proj.weight]
Loading weights:  82%|████████▏ | 481/587 [00:00<00:00, 781.91it/s, Materializing 
param=model.encoder.layers.24.self_attn_layer_norm.bias]
Loading weights:  82%|████████▏ | 481/587 [00:00<00:00, 781.91it/s, Materializing 
param=model.encoder.layers.24.self_attn_layer_norm.bias]
Loading weights:  82%|████████▏ | 482/587 [00:00<00:00, 781.91it/s, Materializing 
param=model.encoder.layers.24.self_attn_layer_norm.weight]
Loading weights:  82%|████████▏ | 482/587 [00:00<00:00, 781.91it/s, Materializing 
param=model.encoder.layers.24.self_attn_layer_norm.weight]
Loading weights:  82%|████████▏ | 483/587 [00:00<00:00, 781.91it/s, Materializing 
param=model.encoder.layers.25.fc1.bias]                   
Loading weights:  82%|████████▏ | 483/587 [00:00<00:00, 781.91it/s, Materializing 
param=model.encoder.layers.25.fc1.bias]
Loading weights:  82%|████████▏ | 484/587 [00:00<00:00, 781.91it/s, Materializing 
param=model.encoder.layers.25.fc1.weight]
Loading weights:  82%|████████▏ | 484/587 [00:00<00:00, 781.91it/s, Materializing 
param=model.encoder.layers.25.fc1.weight]
Loading weights:  83%|████████▎ | 485/587 [00:00<00:00, 781.91it/s, Materializing 
param=model.encoder.layers.25.fc2.bias]  
Loading weights:  83%|████████▎ | 485/587 [00:00<00:00, 781.91it/s, Materializing 
param=model.encoder.layers.25.fc2.bias]
Loading weights:  83%|████████▎ | 486/587 [00:00<00:00, 781.91it/s, Materializing 
param=model.encoder.layers.25.fc2.weight]
Loading weights:  83%|████████▎ | 486/587 [00:00<00:00, 781.91it/s, Materializing 
param=model.encoder.layers.25.fc2.weight]
Loading weights:  83%|████████▎ | 487/587 [00:00<00:00, 781.91it/s, Materializing 
param=model.encoder.layers.25.final_layer_norm.bias]
Loading weights:  83%|████████▎ | 487/587 [00:00<00:00, 781.91it/s, Materializing 
param=model.encoder.layers.25.final_layer_norm.bias]
Loading weights:  83%|████████▎ | 488/587 [00:00<00:00, 781.91it/s, Materializing 
param=model.encoder.layers.25.final_layer_norm.weight]
Loading weights:  83%|████████▎ | 488/587 [00:00<00:00, 781.91it/s, Materializing 
param=model.encoder.layers.25.final_layer_norm.weight]
Loading weights:  83%|████████▎ | 489/587 [00:00<00:00, 781.91it/s, Materializing 
param=model.encoder.layers.25.self_attn.k_proj.weight]
Loading weights:  83%|████████▎ | 489/587 [00:00<00:00, 781.91it/s, Materializing 
param=model.encoder.layers.25.self_attn.k_proj.weight]
Loading weights:  83%|████████▎ | 490/587 [00:00<00:00, 781.91it/s, Materializing 
param=model.encoder.layers.25.self_attn.out_proj.bias]
Loading weights:  83%|████████▎ | 490/587 [00:00<00:00, 781.91it/s, Materializing 
param=model.encoder.layers.25.self_attn.out_proj.bias]
Loading weights:  84%|████████▎ | 491/587 [00:00<00:00, 781.91it/s, Materializing 
param=model.encoder.layers.25.self_attn.out_proj.weight]
Loading weights:  84%|████████▎ | 491/587 [00:00<00:00, 781.91it/s, Materializing 
param=model.encoder.layers.25.self_attn.out_proj.weight]
Loading weights:  84%|████████▍ | 492/587 [00:00<00:00, 781.91it/s, Materializing 
param=model.encoder.layers.25.self_attn.q_proj.bias]    
Loading weights:  84%|████████▍ | 492/587 [00:00<00:00, 781.91it/s, Materializing 
param=model.encoder.layers.25.self_attn.q_proj.bias]
Loading weights:  84%|████████▍ | 493/587 [00:00<00:00, 781.91it/s, Materializing 
param=model.encoder.layers.25.self_attn.q_proj.weight]
Loading weights:  84%|████████▍ | 493/587 [00:00<00:00, 781.91it/s, Materializing 
param=model.encoder.layers.25.self_attn.q_proj.weight]
Loading weights:  84%|████████▍ | 494/587 [00:00<00:00, 781.91it/s, Materializing 
param=model.encoder.layers.25.self_attn.v_proj.bias]  
Loading weights:  84%|████████▍ | 494/587 [00:00<00:00, 781.91it/s, Materializing 
param=model.encoder.layers.25.self_attn.v_proj.bias]
Loading weights:  84%|████████▍ | 495/587 [00:00<00:00, 781.91it/s, Materializing 
param=model.encoder.layers.25.self_attn.v_proj.weight]
Loading weights:  84%|████████▍ | 495/587 [00:00<00:00, 781.91it/s, Materializing 
param=model.encoder.layers.25.self_attn.v_proj.weight]
Loading weights:  84%|████████▍ | 496/587 [00:01<00:00, 781.91it/s, Materializing 
param=model.encoder.layers.25.self_attn_layer_norm.bias]
Loading weights:  84%|████████▍ | 496/587 [00:01<00:00, 781.91it/s, Materializing 
param=model.encoder.layers.25.self_attn_layer_norm.bias]
Loading weights:  85%|████████▍ | 497/587 [00:01<00:00, 781.91it/s, Materializing 
param=model.encoder.layers.25.self_attn_layer_norm.weight]
Loading weights:  85%|████████▍ | 497/587 [00:01<00:00, 781.91it/s, Materializing 
param=model.encoder.layers.25.self_attn_layer_norm.weight]
Loading weights:  85%|████████▍ | 498/587 [00:01<00:00, 781.91it/s, Materializing 
param=model.encoder.layers.26.fc1.bias]                   
Loading weights:  85%|████████▍ | 498/587 [00:01<00:00, 781.91it/s, Materializing 
param=model.encoder.layers.26.fc1.bias]
Loading weights:  85%|████████▌ | 499/587 [00:01<00:00, 781.91it/s, Materializing 
param=model.encoder.layers.26.fc1.weight]
Loading weights:  85%|████████▌ | 499/587 [00:01<00:00, 781.91it/s, Materializing 
param=model.encoder.layers.26.fc1.weight]
Loading weights:  85%|████████▌ | 500/587 [00:01<00:00, 781.91it/s, Materializing 
param=model.encoder.layers.26.fc2.bias]  
Loading weights:  85%|████████▌ | 500/587 [00:01<00:00, 781.91it/s, Materializing 
param=model.encoder.layers.26.fc2.bias]
Loading weights:  85%|████████▌ | 501/587 [00:01<00:00, 781.91it/s, Materializing 
param=model.encoder.layers.26.fc2.weight]
Loading weights:  85%|████████▌ | 501/587 [00:01<00:00, 781.91it/s, Materializing 
param=model.encoder.layers.26.fc2.weight]
Loading weights:  86%|████████▌ | 502/587 [00:01<00:00, 781.91it/s, Materializing 
param=model.encoder.layers.26.final_layer_norm.bias]
Loading weights:  86%|████████▌ | 502/587 [00:01<00:00, 781.91it/s, Materializing 
param=model.encoder.layers.26.final_layer_norm.bias]
Loading weights:  86%|████████▌ | 503/587 [00:01<00:00, 781.91it/s, Materializing 
param=model.encoder.layers.26.final_layer_norm.weight]
Loading weights:  86%|████████▌ | 503/587 [00:01<00:00, 781.91it/s, Materializing 
param=model.encoder.layers.26.final_layer_norm.weight]
Loading weights:  86%|████████▌ | 504/587 [00:01<00:00, 781.91it/s, Materializing 
param=model.encoder.layers.26.self_attn.k_proj.weight]
Loading weights:  86%|████████▌ | 504/587 [00:01<00:00, 781.91it/s, Materializing 
param=model.encoder.layers.26.self_attn.k_proj.weight]
Loading weights:  86%|████████▌ | 505/587 [00:01<00:00, 781.91it/s, Materializing 
param=model.encoder.layers.26.self_attn.out_proj.bias]
Loading weights:  86%|████████▌ | 505/587 [00:01<00:00, 781.91it/s, Materializing 
param=model.encoder.layers.26.self_attn.out_proj.bias]
Loading weights:  86%|████████▌ | 506/587 [00:01<00:00, 781.91it/s, Materializing 
param=model.encoder.layers.26.self_attn.out_proj.weight]
Loading weights:  86%|████████▌ | 506/587 [00:01<00:00, 781.91it/s, Materializing 
param=model.encoder.layers.26.self_attn.out_proj.weight]
Loading weights:  86%|████████▋ | 507/587 [00:01<00:00, 781.91it/s, Materializing 
param=model.encoder.layers.26.self_attn.q_proj.bias]    
Loading weights:  86%|████████▋ | 507/587 [00:01<00:00, 781.91it/s, Materializing 
param=model.encoder.layers.26.self_attn.q_proj.bias]
Loading weights:  87%|████████▋ | 508/587 [00:01<00:00, 781.91it/s, Materializing 
param=model.encoder.layers.26.self_attn.q_proj.weight]
Loading weights:  87%|████████▋ | 508/587 [00:01<00:00, 781.91it/s, Materializing 
param=model.encoder.layers.26.self_attn.q_proj.weight]
Loading weights:  87%|████████▋ | 509/587 [00:01<00:00, 781.91it/s, Materializing 
param=model.encoder.layers.26.self_attn.v_proj.bias]  
Loading weights:  87%|████████▋ | 509/587 [00:01<00:00, 781.91it/s, Materializing 
param=model.encoder.layers.26.self_attn.v_proj.bias]
Loading weights:  87%|████████▋ | 510/587 [00:01<00:00, 781.91it/s, Materializing 
param=model.encoder.layers.26.self_attn.v_proj.weight]
Loading weights:  87%|████████▋ | 510/587 [00:01<00:00, 781.91it/s, Materializing 
param=model.encoder.layers.26.self_attn.v_proj.weight]
Loading weights:  87%|████████▋ | 511/587 [00:01<00:00, 781.91it/s, Materializing 
param=model.encoder.layers.26.self_attn_layer_norm.bias]
Loading weights:  87%|████████▋ | 511/587 [00:01<00:00, 781.91it/s, Materializing 
param=model.encoder.layers.26.self_attn_layer_norm.bias]
Loading weights:  87%|████████▋ | 512/587 [00:01<00:00, 781.91it/s, Materializing 
param=model.encoder.layers.26.self_attn_layer_norm.weight]
Loading weights:  87%|████████▋ | 512/587 [00:01<00:00, 781.91it/s, Materializing 
param=model.encoder.layers.26.self_attn_layer_norm.weight]
Loading weights:  87%|████████▋ | 513/587 [00:01<00:00, 781.91it/s, Materializing 
param=model.encoder.layers.27.fc1.bias]                   
Loading weights:  87%|████████▋ | 513/587 [00:01<00:00, 781.91it/s, Materializing 
param=model.encoder.layers.27.fc1.bias]
Loading weights:  88%|████████▊ | 514/587 [00:01<00:00, 781.91it/s, Materializing 
param=model.encoder.layers.27.fc1.weight]
Loading weights:  88%|████████▊ | 514/587 [00:01<00:00, 781.91it/s, Materializing 
param=model.encoder.layers.27.fc1.weight]
Loading weights:  88%|████████▊ | 515/587 [00:01<00:00, 781.91it/s, Materializing 
param=model.encoder.layers.27.fc2.bias]  
Loading weights:  88%|████████▊ | 515/587 [00:01<00:00, 781.91it/s, Materializing 
param=model.encoder.layers.27.fc2.bias]
Loading weights:  88%|████████▊ | 516/587 [00:01<00:00, 781.91it/s, Materializing 
param=model.encoder.layers.27.fc2.weight]
Loading weights:  88%|████████▊ | 516/587 [00:01<00:00, 781.91it/s, Materializing 
param=model.encoder.layers.27.fc2.weight]
Loading weights:  88%|████████▊ | 517/587 [00:01<00:00, 781.91it/s, Materializing 
param=model.encoder.layers.27.final_layer_norm.bias]
Loading weights:  88%|████████▊ | 517/587 [00:01<00:00, 781.91it/s, Materializing 
param=model.encoder.layers.27.final_layer_norm.bias]
Loading weights:  88%|████████▊ | 518/587 [00:01<00:00, 781.91it/s, Materializing 
param=model.encoder.layers.27.final_layer_norm.weight]
Loading weights:  88%|████████▊ | 518/587 [00:01<00:00, 781.91it/s, Materializing 
param=model.encoder.layers.27.final_layer_norm.weight]
Loading weights:  88%|████████▊ | 519/587 [00:01<00:00, 781.91it/s, Materializing 
param=model.encoder.layers.27.self_attn.k_proj.weight]
Loading weights:  88%|████████▊ | 519/587 [00:01<00:00, 781.91it/s, Materializing 
param=model.encoder.layers.27.self_attn.k_proj.weight]
Loading weights:  89%|████████▊ | 520/587 [00:01<00:00, 781.91it/s, Materializing 
param=model.encoder.layers.27.self_attn.out_proj.bias]
Loading weights:  89%|████████▊ | 520/587 [00:01<00:00, 781.91it/s, Materializing 
param=model.encoder.layers.27.self_attn.out_proj.bias]
Loading weights:  89%|████████▉ | 521/587 [00:01<00:00, 781.91it/s, Materializing 
param=model.encoder.layers.27.self_attn.out_proj.weight]
Loading weights:  89%|████████▉ | 521/587 [00:01<00:00, 781.91it/s, Materializing 
param=model.encoder.layers.27.self_attn.out_proj.weight]
Loading weights:  89%|████████▉ | 522/587 [00:01<00:00, 781.91it/s, Materializing 
param=model.encoder.layers.27.self_attn.q_proj.bias]    
Loading weights:  89%|████████▉ | 522/587 [00:01<00:00, 781.91it/s, Materializing 
param=model.encoder.layers.27.self_attn.q_proj.bias]
Loading weights:  89%|████████▉ | 523/587 [00:01<00:00, 781.91it/s, Materializing 
param=model.encoder.layers.27.self_attn.q_proj.weight]
Loading weights:  89%|████████▉ | 523/587 [00:01<00:00, 781.91it/s, Materializing 
param=model.encoder.layers.27.self_attn.q_proj.weight]
Loading weights:  89%|████████▉ | 524/587 [00:01<00:00, 781.91it/s, Materializing 
param=model.encoder.layers.27.self_attn.v_proj.bias]  
Loading weights:  89%|████████▉ | 524/587 [00:01<00:00, 781.91it/s, Materializing 
param=model.encoder.layers.27.self_attn.v_proj.bias]
Loading weights:  89%|████████▉ | 525/587 [00:01<00:00, 781.91it/s, Materializing 
param=model.encoder.layers.27.self_attn.v_proj.weight]
Loading weights:  89%|████████▉ | 525/587 [00:01<00:00, 781.91it/s, Materializing 
param=model.encoder.layers.27.self_attn.v_proj.weight]
Loading weights:  90%|████████▉ | 526/587 [00:01<00:00, 781.91it/s, Materializing 
param=model.encoder.layers.27.self_attn_layer_norm.bias]
Loading weights:  90%|████████▉ | 526/587 [00:01<00:00, 781.91it/s, Materializing 
param=model.encoder.layers.27.self_attn_layer_norm.bias]
Loading weights:  90%|████████▉ | 527/587 [00:01<00:00, 781.91it/s, Materializing 
param=model.encoder.layers.27.self_attn_layer_norm.weight]
Loading weights:  90%|████████▉ | 527/587 [00:01<00:00, 781.91it/s, Materializing 
param=model.encoder.layers.27.self_attn_layer_norm.weight]
Loading weights:  90%|████████▉ | 528/587 [00:01<00:00, 184.32it/s, Materializing 
param=model.encoder.layers.27.self_attn_layer_norm.weight]
Loading weights:  90%|████████▉ | 528/587 [00:01<00:00, 184.32it/s, Materializing 
param=model.encoder.layers.28.fc1.bias]                   
Loading weights:  90%|████████▉ | 528/587 [00:01<00:00, 184.32it/s, Materializing 
param=model.encoder.layers.28.fc1.bias]
Loading weights:  90%|█████████ | 529/587 [00:01<00:00, 184.32it/s, Materializing 
param=model.encoder.layers.28.fc1.weight]
Loading weights:  90%|█████████ | 529/587 [00:01<00:00, 184.32it/s, Materializing 
param=model.encoder.layers.28.fc1.weight]
Loading weights:  90%|█████████ | 530/587 [00:01<00:00, 184.32it/s, Materializing 
param=model.encoder.layers.28.fc2.bias]  
Loading weights:  90%|█████████ | 530/587 [00:01<00:00, 184.32it/s, Materializing 
param=model.encoder.layers.28.fc2.bias]
Loading weights:  90%|█████████ | 531/587 [00:01<00:00, 184.32it/s, Materializing 
param=model.encoder.layers.28.fc2.weight]
Loading weights:  90%|█████████ | 531/587 [00:01<00:00, 184.32it/s, Materializing 
param=model.encoder.layers.28.fc2.weight]
Loading weights:  91%|█████████ | 532/587 [00:01<00:00, 184.32it/s, Materializing 
param=model.encoder.layers.28.final_layer_norm.bias]
Loading weights:  91%|█████████ | 532/587 [00:01<00:00, 184.32it/s, Materializing 
param=model.encoder.layers.28.final_layer_norm.bias]
Loading weights:  91%|█████████ | 533/587 [00:01<00:00, 184.32it/s, Materializing 
param=model.encoder.layers.28.final_layer_norm.weight]
Loading weights:  91%|█████████ | 533/587 [00:01<00:00, 184.32it/s, Materializing 
param=model.encoder.layers.28.final_layer_norm.weight]
Loading weights:  91%|█████████ | 534/587 [00:01<00:00, 184.32it/s, Materializing 
param=model.encoder.layers.28.self_attn.k_proj.weight]
Loading weights:  91%|█████████ | 534/587 [00:01<00:00, 184.32it/s, Materializing 
param=model.encoder.layers.28.self_attn.k_proj.weight]
Loading weights:  91%|█████████ | 535/587 [00:01<00:00, 184.32it/s, Materializing 
param=model.encoder.layers.28.self_attn.out_proj.bias]
Loading weights:  91%|█████████ | 535/587 [00:01<00:00, 184.32it/s, Materializing 
param=model.encoder.layers.28.self_attn.out_proj.bias]
Loading weights:  91%|█████████▏| 536/587 [00:01<00:00, 184.32it/s, Materializing 
param=model.encoder.layers.28.self_attn.out_proj.weight]
Loading weights:  91%|█████████▏| 536/587 [00:01<00:00, 184.32it/s, Materializing 
param=model.encoder.layers.28.self_attn.out_proj.weight]
Loading weights:  91%|█████████▏| 537/587 [00:01<00:00, 184.32it/s, Materializing 
param=model.encoder.layers.28.self_attn.q_proj.bias]    
Loading weights:  91%|█████████▏| 537/587 [00:01<00:00, 184.32it/s, Materializing 
param=model.encoder.layers.28.self_attn.q_proj.bias]
Loading weights:  92%|█████████▏| 538/587 [00:01<00:00, 184.32it/s, Materializing 
param=model.encoder.layers.28.self_attn.q_proj.weight]
Loading weights:  92%|█████████▏| 538/587 [00:01<00:00, 184.32it/s, Materializing 
param=model.encoder.layers.28.self_attn.q_proj.weight]
Loading weights:  92%|█████████▏| 539/587 [00:01<00:00, 184.32it/s, Materializing 
param=model.encoder.layers.28.self_attn.v_proj.bias]  
Loading weights:  92%|█████████▏| 539/587 [00:01<00:00, 184.32it/s, Materializing 
param=model.encoder.layers.28.self_attn.v_proj.bias]
Loading weights:  92%|█████████▏| 540/587 [00:01<00:00, 184.32it/s, Materializing 
param=model.encoder.layers.28.self_attn.v_proj.weight]
Loading weights:  92%|█████████▏| 540/587 [00:01<00:00, 184.32it/s, Materializing 
param=model.encoder.layers.28.self_attn.v_proj.weight]
Loading weights:  92%|█████████▏| 541/587 [00:01<00:00, 184.32it/s, Materializing 
param=model.encoder.layers.28.self_attn_layer_norm.bias]
Loading weights:  92%|█████████▏| 541/587 [00:01<00:00, 184.32it/s, Materializing 
param=model.encoder.layers.28.self_attn_layer_norm.bias]
Loading weights:  92%|█████████▏| 542/587 [00:01<00:00, 184.32it/s, Materializing 
param=model.encoder.layers.28.self_attn_layer_norm.weight]
Loading weights:  92%|█████████▏| 542/587 [00:01<00:00, 184.32it/s, Materializing 
param=model.encoder.layers.28.self_attn_layer_norm.weight]
Loading weights:  93%|█████████▎| 543/587 [00:01<00:00, 184.32it/s, Materializing 
param=model.encoder.layers.29.fc1.bias]                   
Loading weights:  93%|█████████▎| 543/587 [00:01<00:00, 184.32it/s, Materializing 
param=model.encoder.layers.29.fc1.bias]
Loading weights:  93%|█████████▎| 544/587 [00:01<00:00, 184.32it/s, Materializing 
param=model.encoder.layers.29.fc1.weight]
Loading weights:  93%|█████████▎| 544/587 [00:01<00:00, 184.32it/s, Materializing 
param=model.encoder.layers.29.fc1.weight]
Loading weights:  93%|█████████▎| 545/587 [00:02<00:00, 184.32it/s, Materializing 
param=model.encoder.layers.29.fc2.bias]  
Loading weights:  93%|█████████▎| 545/587 [00:02<00:00, 184.32it/s, Materializing 
param=model.encoder.layers.29.fc2.bias]
Loading weights:  93%|█████████▎| 546/587 [00:02<00:00, 184.32it/s, Materializing 
param=model.encoder.layers.29.fc2.weight]
Loading weights:  93%|█████████▎| 546/587 [00:02<00:00, 184.32it/s, Materializing 
param=model.encoder.layers.29.fc2.weight]
Loading weights:  93%|█████████▎| 547/587 [00:02<00:00, 184.32it/s, Materializing 
param=model.encoder.layers.29.final_layer_norm.bias]
Loading weights:  93%|█████████▎| 547/587 [00:02<00:00, 184.32it/s, Materializing 
param=model.encoder.layers.29.final_layer_norm.bias]
Loading weights:  93%|█████████▎| 548/587 [00:02<00:00, 184.32it/s, Materializing 
param=model.encoder.layers.29.final_layer_norm.weight]
Loading weights:  93%|█████████▎| 548/587 [00:02<00:00, 184.32it/s, Materializing 
param=model.encoder.layers.29.final_layer_norm.weight]
Loading weights:  94%|█████████▎| 549/587 [00:02<00:00, 184.32it/s, Materializing 
param=model.encoder.layers.29.self_attn.k_proj.weight]
Loading weights:  94%|█████████▎| 549/587 [00:02<00:00, 184.32it/s, Materializing 
param=model.encoder.layers.29.self_attn.k_proj.weight]
Loading weights:  94%|█████████▎| 550/587 [00:02<00:00, 184.32it/s, Materializing 
param=model.encoder.layers.29.self_attn.out_proj.bias]
Loading weights:  94%|█████████▎| 550/587 [00:02<00:00, 184.32it/s, Materializing 
param=model.encoder.layers.29.self_attn.out_proj.bias]
Loading weights:  94%|█████████▍| 551/587 [00:02<00:00, 184.32it/s, Materializing 
param=model.encoder.layers.29.self_attn.out_proj.weight]
Loading weights:  94%|█████████▍| 551/587 [00:02<00:00, 184.32it/s, Materializing 
param=model.encoder.layers.29.self_attn.out_proj.weight]
Loading weights:  94%|█████████▍| 552/587 [00:02<00:00, 184.32it/s, Materializing 
param=model.encoder.layers.29.self_attn.q_proj.bias]    
Loading weights:  94%|█████████▍| 552/587 [00:02<00:00, 184.32it/s, Materializing 
param=model.encoder.layers.29.self_attn.q_proj.bias]
Loading weights:  94%|█████████▍| 553/587 [00:02<00:00, 184.32it/s, Materializing 
param=model.encoder.layers.29.self_attn.q_proj.weight]
Loading weights:  94%|█████████▍| 553/587 [00:02<00:00, 184.32it/s, Materializing 
param=model.encoder.layers.29.self_attn.q_proj.weight]
Loading weights:  94%|█████████▍| 554/587 [00:02<00:00, 184.32it/s, Materializing 
param=model.encoder.layers.29.self_attn.v_proj.bias]  
Loading weights:  94%|█████████▍| 554/587 [00:02<00:00, 184.32it/s, Materializing 
param=model.encoder.layers.29.self_attn.v_proj.bias]
Loading weights:  95%|█████████▍| 555/587 [00:02<00:00, 184.32it/s, Materializing 
param=model.encoder.layers.29.self_attn.v_proj.weight]
Loading weights:  95%|█████████▍| 555/587 [00:02<00:00, 184.32it/s, Materializing 
param=model.encoder.layers.29.self_attn.v_proj.weight]
Loading weights:  95%|█████████▍| 556/587 [00:02<00:00, 184.32it/s, Materializing 
param=model.encoder.layers.29.self_attn_layer_norm.bias]
Loading weights:  95%|█████████▍| 556/587 [00:02<00:00, 184.32it/s, Materializing 
param=model.encoder.layers.29.self_attn_layer_norm.bias]
Loading weights:  95%|█████████▍| 557/587 [00:02<00:00, 184.32it/s, Materializing 
param=model.encoder.layers.29.self_attn_layer_norm.weight]
Loading weights:  95%|█████████▍| 557/587 [00:02<00:00, 184.32it/s, Materializing 
param=model.encoder.layers.29.self_attn_layer_norm.weight]
Loading weights:  95%|█████████▌| 558/587 [00:02<00:00, 184.32it/s, Materializing 
param=model.encoder.layers.30.fc1.bias]                   
Loading weights:  95%|█████████▌| 558/587 [00:02<00:00, 184.32it/s, Materializing 
param=model.encoder.layers.30.fc1.bias]
Loading weights:  95%|█████████▌| 559/587 [00:02<00:00, 184.32it/s, Materializing 
param=model.encoder.layers.30.fc1.weight]
Loading weights:  95%|█████████▌| 559/587 [00:02<00:00, 184.32it/s, Materializing 
param=model.encoder.layers.30.fc1.weight]
Loading weights:  95%|█████████▌| 560/587 [00:02<00:00, 184.32it/s, Materializing 
param=model.encoder.layers.30.fc2.bias]  
Loading weights:  95%|█████████▌| 560/587 [00:02<00:00, 184.32it/s, Materializing 
param=model.encoder.layers.30.fc2.bias]
Loading weights:  96%|█████████▌| 561/587 [00:02<00:00, 184.32it/s, Materializing 
param=model.encoder.layers.30.fc2.weight]
Loading weights:  96%|█████████▌| 561/587 [00:02<00:00, 184.32it/s, Materializing 
param=model.encoder.layers.30.fc2.weight]
Loading weights:  96%|█████████▌| 562/587 [00:02<00:00, 184.32it/s, Materializing 
param=model.encoder.layers.30.final_layer_norm.bias]
Loading weights:  96%|█████████▌| 562/587 [00:02<00:00, 184.32it/s, Materializing 
param=model.encoder.layers.30.final_layer_norm.bias]
Loading weights:  96%|█████████▌| 563/587 [00:02<00:00, 184.32it/s, Materializing 
param=model.encoder.layers.30.final_layer_norm.weight]
Loading weights:  96%|█████████▌| 563/587 [00:02<00:00, 184.32it/s, Materializing 
param=model.encoder.layers.30.final_layer_norm.weight]
Loading weights:  96%|█████████▌| 564/587 [00:02<00:00, 184.32it/s, Materializing 
param=model.encoder.layers.30.self_attn.k_proj.weight]
Loading weights:  96%|█████████▌| 564/587 [00:02<00:00, 184.32it/s, Materializing 
param=model.encoder.layers.30.self_attn.k_proj.weight]
Loading weights:  96%|█████████▋| 565/587 [00:02<00:00, 184.32it/s, Materializing 
param=model.encoder.layers.30.self_attn.out_proj.bias]
Loading weights:  96%|█████████▋| 565/587 [00:02<00:00, 184.32it/s, Materializing 
param=model.encoder.layers.30.self_attn.out_proj.bias]
Loading weights:  96%|█████████▋| 566/587 [00:02<00:00, 184.32it/s, Materializing 
param=model.encoder.layers.30.self_attn.out_proj.weight]
Loading weights:  96%|█████████▋| 566/587 [00:02<00:00, 184.32it/s, Materializing 
param=model.encoder.layers.30.self_attn.out_proj.weight]
Loading weights:  97%|█████████▋| 567/587 [00:02<00:00, 184.32it/s, Materializing 
param=model.encoder.layers.30.self_attn.q_proj.bias]    
Loading weights:  97%|█████████▋| 567/587 [00:02<00:00, 184.32it/s, Materializing 
param=model.encoder.layers.30.self_attn.q_proj.bias]
Loading weights:  97%|█████████▋| 568/587 [00:02<00:00, 184.32it/s, Materializing 
param=model.encoder.layers.30.self_attn.q_proj.weight]
Loading weights:  97%|█████████▋| 568/587 [00:02<00:00, 184.32it/s, Materializing 
param=model.encoder.layers.30.self_attn.q_proj.weight]
Loading weights:  97%|█████████▋| 569/587 [00:02<00:00, 184.32it/s, Materializing 
param=model.encoder.layers.30.self_attn.v_proj.bias]  
Loading weights:  97%|█████████▋| 569/587 [00:02<00:00, 184.32it/s, Materializing 
param=model.encoder.layers.30.self_attn.v_proj.bias]
Loading weights:  97%|█████████▋| 570/587 [00:02<00:00, 184.32it/s, Materializing 
param=model.encoder.layers.30.self_attn.v_proj.weight]
Loading weights:  97%|█████████▋| 570/587 [00:02<00:00, 184.32it/s, Materializing 
param=model.encoder.layers.30.self_attn.v_proj.weight]
Loading weights:  97%|█████████▋| 571/587 [00:02<00:00, 184.32it/s, Materializing 
param=model.encoder.layers.30.self_attn_layer_norm.bias]
Loading weights:  97%|█████████▋| 571/587 [00:02<00:00, 184.32it/s, Materializing 
param=model.encoder.layers.30.self_attn_layer_norm.bias]
Loading weights:  97%|█████████▋| 572/587 [00:02<00:00, 184.32it/s, Materializing 
param=model.encoder.layers.30.self_attn_layer_norm.weight]
Loading weights:  97%|█████████▋| 572/587 [00:02<00:00, 184.32it/s, Materializing 
param=model.encoder.layers.30.self_attn_layer_norm.weight]
Loading weights:  98%|█████████▊| 573/587 [00:02<00:00, 184.32it/s, Materializing 
param=model.encoder.layers.31.fc1.bias]                   
Loading weights:  98%|█████████▊| 573/587 [00:02<00:00, 184.32it/s, Materializing 
param=model.encoder.layers.31.fc1.bias]
Loading weights:  98%|█████████▊| 574/587 [00:02<00:00, 184.32it/s, Materializing 
param=model.encoder.layers.31.fc1.weight]
Loading weights:  98%|█████████▊| 574/587 [00:02<00:00, 184.32it/s, Materializing 
param=model.encoder.layers.31.fc1.weight]
Loading weights:  98%|█████████▊| 575/587 [00:02<00:00, 184.32it/s, Materializing 
param=model.encoder.layers.31.fc2.bias]  
Loading weights:  98%|█████████▊| 575/587 [00:02<00:00, 184.32it/s, Materializing 
param=model.encoder.layers.31.fc2.bias]
Loading weights:  98%|█████████▊| 576/587 [00:02<00:00, 184.32it/s, Materializing 
param=model.encoder.layers.31.fc2.weight]
Loading weights:  98%|█████████▊| 576/587 [00:02<00:00, 184.32it/s, Materializing 
param=model.encoder.layers.31.fc2.weight]
Loading weights:  98%|█████████▊| 577/587 [00:02<00:00, 184.32it/s, Materializing 
param=model.encoder.layers.31.final_layer_norm.bias]
Loading weights:  98%|█████████▊| 577/587 [00:02<00:00, 184.32it/s, Materializing 
param=model.encoder.layers.31.final_layer_norm.bias]
Loading weights:  98%|█████████▊| 578/587 [00:02<00:00, 184.32it/s, Materializing 
param=model.encoder.layers.31.final_layer_norm.weight]
Loading weights:  98%|█████████▊| 578/587 [00:02<00:00, 184.32it/s, Materializing 
param=model.encoder.layers.31.final_layer_norm.weight]
Loading weights:  99%|█████████▊| 579/587 [00:02<00:00, 184.32it/s, Materializing 
param=model.encoder.layers.31.self_attn.k_proj.weight]
Loading weights:  99%|█████████▊| 579/587 [00:02<00:00, 184.32it/s, Materializing 
param=model.encoder.layers.31.self_attn.k_proj.weight]
Loading weights:  99%|█████████▉| 580/587 [00:02<00:00, 184.32it/s, Materializing 
param=model.encoder.layers.31.self_attn.out_proj.bias]
Loading weights:  99%|█████████▉| 580/587 [00:02<00:00, 184.32it/s, Materializing 
param=model.encoder.layers.31.self_attn.out_proj.bias]
Loading weights:  99%|█████████▉| 581/587 [00:02<00:00, 184.32it/s, Materializing 
param=model.encoder.layers.31.self_attn.out_proj.weight]
Loading weights:  99%|█████████▉| 581/587 [00:02<00:00, 184.32it/s, Materializing 
param=model.encoder.layers.31.self_attn.out_proj.weight]
Loading weights:  99%|█████████▉| 582/587 [00:02<00:00, 184.32it/s, Materializing 
param=model.encoder.layers.31.self_attn.q_proj.bias]    
Loading weights:  99%|█████████▉| 582/587 [00:02<00:00, 184.32it/s, Materializing 
param=model.encoder.layers.31.self_attn.q_proj.bias]
Loading weights:  99%|█████████▉| 583/587 [00:02<00:00, 184.32it/s, Materializing 
param=model.encoder.layers.31.self_attn.q_proj.weight]
Loading weights:  99%|█████████▉| 583/587 [00:02<00:00, 184.32it/s, Materializing 
param=model.encoder.layers.31.self_attn.q_proj.weight]
Loading weights:  99%|█████████▉| 584/587 [00:02<00:00, 184.32it/s, Materializing 
param=model.encoder.layers.31.self_attn.v_proj.bias]  
Loading weights:  99%|█████████▉| 584/587 [00:02<00:00, 184.32it/s, Materializing 
param=model.encoder.layers.31.self_attn.v_proj.bias]
Loading weights: 100%|█████████▉| 585/587 [00:02<00:00, 184.32it/s, Materializing 
param=model.encoder.layers.31.self_attn.v_proj.weight]
Loading weights: 100%|█████████▉| 585/587 [00:02<00:00, 184.32it/s, Materializing 
param=model.encoder.layers.31.self_attn.v_proj.weight]
Loading weights: 100%|█████████▉| 586/587 [00:02<00:00, 184.32it/s, Materializing 
param=model.encoder.layers.31.self_attn_layer_norm.bias]
Loading weights: 100%|█████████▉| 586/587 [00:02<00:00, 184.32it/s, Materializing 
param=model.encoder.layers.31.self_attn_layer_norm.bias]
Loading weights: 100%|██████████| 587/587 [00:02<00:00, 184.32it/s, Materializing 
param=model.encoder.layers.31.self_attn_layer_norm.weight]
Loading weights: 100%|██████████| 587/587 [00:02<00:00, 184.32it/s, Materializing 
param=model.encoder.layers.31.self_attn_layer_norm.weight]
Loading weights: 100%|██████████| 587/587 [00:02<00:00, 254.09it/s, Materializing 
param=model.encoder.layers.31.self_attn_layer_norm.weight]
A custom logits processor of type <class 'transformers.generation.logits_process.SuppressTokensLogitsProcessor'> has 
been passed to `.generate()`, but it was also created in `.generate()`, given its parameterization. The custom <class 
'transformers.generation.logits_process.SuppressTokensLogitsProcessor'> will take precedence. Please check the 
docstring of <class 'transformers.generation.logits_process.SuppressTokensLogitsProcessor'> to see related 
`.generate()` flags.
A custom logits processor of type <class 
'transformers.generation.logits_process.SuppressTokensAtBeginLogitsProcessor'> has been passed to `.generate()`, but 
it was also created in `.generate()`, given its parameterization. The custom <class 
'transformers.generation.logits_process.SuppressTokensAtBeginLogitsProcessor'> will take precedence. Please check the 
docstring of <class 'transformers.generation.logits_process.SuppressTokensAtBeginLogitsProcessor'> to see related 
`.generate()` flags.
{"file": "real__chatterbox__default-cfg0__kr-neutral.wav", "cer": 0.041, "asr": "안녕하세요. 방금 포털 동기화가 끝났습니다. 새로 서류 검증된 학생이 한 명 있고, 진행 시트 7개가 모두 최신 상태입니다."}
{"file": "real__chatterbox__default-ex0.5-cfg0.5__kr-aegyo.wav", "cer": 0.119, "asr": "나잔 제니에요 방금 포털 동기화가 끝났어요 새로 서류 검증된 학생이 한 명 있구요 진행 시트 7개 모두 최신 상태에요 헤헤 또 궁금한 거 있으세요?"}
{"file": "real__chatterbox__default-ex0.8-cfg0.3__kr-aegyo.wav", "cer": 0.136, "asr": "나잔, 재미예요. 방금 포털 동기화가 끝났어요. 새로 서류 검증된 학생이 한 명 있고요. 진행 시트 7개 모두 최신 상태예요. 헤헤, 또 궁금한 거 있으세요?"}
{"file": "real__chatterbox__default-ex1.1-cfg0.2__kr-aegyo.wav", "cer": 0.119, "asr": "나잔, 제니예요. 방금 포털 동기화가 끝났어요. 새로 서류 검증된 학생이 한 명 있고요. 진행 시트 7개 모두 퇴신 상태예요. 헤헤 또 궁금한 거 있으세요?"}
{"file": "real__chatterbox__default__en.wav", "cer": 0.0, "asr": "Good evening. The portal sync just finished. One new student was document verified and all seven progress sheets are up to date. Anything else I can check for you?"}
{"file": "real__chatterbox__default__kr-neutral.wav", "cer": 0.061, "asr": "안녕하세요. 방금 포털 동지화가 끝났습니다. 새로 서류 검증된 학생이 한 명 있고, 진행 시트 7개가 모두 최신 상태입니다."}
{"file": "real__chatterbox__meloref-ex0.5-cfg0.5__kr-aegyo.wav", "cer": 0.102, "asr": "자잔, 제니예요. 방금 포털 동기화가 끝났어요. 새로 서류 검증된 학생이 한 명 있고요, 진행 시트 7개 모두 최신 상태예요. 헤헤, 또 궁금한 거 있으세요?"}
{"file": "real__chatterbox__meloref-ex0.8-cfg0.3__kr-aegyo.wav", "cer": 0.085, "asr": "짜잔, 제니예요. 방금 포털 동기화가 끝났어요. 새로 서류 검증된 학생이 한 명 있고요. 진행 시트 7개 모두 최신 상태예요. 헤헤, 또 궁금한 거 있으세요?"}
{"file": "real__chatterbox__meloref-ex1.1-cfg0.2__kr-aegyo.wav", "cer": 0.102, "asr": "짜잔, 제니예요, 방금 포털 동기화가 끝났어요. 새로 서류 검증된 학생이 한 명 있고요, 진행 시틀 7개 모두 최신 상태예요. 헤헤, 또 궁금한 거 있으세요?"}
{"file": "real__chatterbox__meloref__en.wav", "cer": 0.0, "asr": "Good evening. The portal sync just finished. One new student was document verified and all seven progress sheets are up to date. Anything else I can check for you?"}
{"file": "real__chatterbox__meloref__kr-neutral.wav", "cer": 0.041, "asr": "안녕하세요. 방금 포털 동기화가 끝났습니다. 새로 서류 검증된 학생이 한 명 있고 진행 시트 7개가 모두 최신 상태입니다."}
